[{"name":"Antric83","ign":"Antric83","contribution":"","details":"","website":"","contributionLevel":0},{"name":"Halacon","ign":"halacon","contribution":"","details":"","website":"","contributionLevel":0},{"name":"Der DracheTV","ign":"LathetheDragon","contribution":"","details":"","website":"","contributionLevel":0},{"name":"DreamyPaw","ign":"DreamyPaw","contribution":"","details":"","website":"","contributionLevel":0},{"name":"Deltora101","ign":"DELTORA101","contribution":"patreon","details":"","website":"","contributionLevel":0},{"name":"Water_Moon","ign":"Water_Moon","contribution":"patreon","details":"","website":"","contributionLevel":0},{"name":"slaider221","ign":"slaider221","contribution":"patreon","details":"","website":"","contributionLevel":2},{"name":"Munchkin","ign":"AquaKyubey","contribution":"patreon","details":"","website":"","contributionLevel":0},{"name":"Keith Wagner","ign":"Om3gagam3r","contribution":"","details":"","website":"","contributionLevel":0},{"name":"GreatOrator","ign":"GreatOrator","contribution":"","details":"","website":"","contributionLevel":0},{"name":"texcubsf","ign":"texcubsf","contribution":"","details":"","website":"","contributionLevel":0},{"name":"Duomaz","ign":"Duomaz","contribution":"","details":"","website":"","contributionLevel":0},{"name":"Mikepet","ign":"Mikepet","contribution":"","details":"","website":"","contributionLevel":0},{"name":"Einhornyordle","ign":"Einhornyordle","contribution":"","details":"","website":"","contributionLevel":0},{"name":"awk1995","ign":"awk1995","contribution":"","details":"","website":"","contributionLevel":0},{"name":"pxoxd","ign":"pxoxd","contribution":"","details":"","website":"","contributionLevel":0},{"name":"Zorlander","ign":"Zorlander","contribution":"patreon","details":"","website":"","contributionLevel":0},{"name":"Morpheus1101","ign":"Morpheus1101","contribution":"","details":"","website":"","contributionLevel":0},{"name":"muffinman_21","ign":"muffinman_21","contribution":"","details":"","website":"","contributionLevel":0},{"name":"Tanlorik","ign":"Tanlorik","contribution":"","details":"","website":"","contributionLevel":0},{"name":"TyrantLink","ign":"tyrantlink","contribution":"","details":"","website":"","contributionLevel":0},{"name":"brandon3055","ign":"brandon3055","contribution":"","details":"","website":"","contributionLevel":3},{"name":"Sn0wShepherd","ign":"SnowShepherd","contribution":"","details":"","website":"","contributionLevel":3},{"name":"covers1624","ign":"covers1624","contribution":"","details":"","website":"","contributionLevel":0},{"name":"TheMattaBase","ign":"TheMattaBase","contribution":"","details":"","website":"","contributionLevel":3},{"name":"Jake_Evans","ign":"Jake_Evans","contribution":"","details":"","website":"","contributionLevel":3},{"name":"Gigabit101","ign":"Gigabit101","contribution":"","details":"","website":"","contributionLevel":3},{"name":"dezil_nz","ign":"dezil_nz","contribution":"lolnet","details":"","website":"","contributionLevel":3},{"name":"LX_Gaming","ign":"LX_Gaming","contribution":"lolnet","details":"","website":"","contributionLevel":3},{"name":"MJW87","ign":"MJW87","contribution":"lolnet","details":"","website":"","contributionLevel":3},{"name":"Direwolf20","ign":"direwolf20","contribution":"","details":"","website":"","contributionLevel":3},{"name":"Soaryn","ign":"Soaryn","contribution":"","details":"","website":"","contributionLevel":3},{"name":"Trinity4261","ign":"Trinity4261","contribution":"","details":"","website":"","contributionLevel":3},{"name":"FoxMcloud5655","ign":"FoxMcloud5655","contribution":"","details":"","website":"","contributionLevel":3},{"name":"Megaguy444","ign":"Megaguy444","contribution":"","details":"","website":"","contributionLevel":2},{"name":"OneEyeMaker","ign":"OneEyeMaker","contribution":"","details":"","website":"","contributionLevel":2},{"name":"KWPUGH","ign":"kwpugh","contribution":"","details":"","website":"","contributionLevel":2},{"name":"Straymaverick","ign":"Straymaverick","contribution":"","details":"","website":"","contributionLevel":3},{"name":"mikhaila666","ign":"Mikhaila666","contribution":"lolnet","details":"","website":"","contributionLevel":2},{"name":"Rustynator","ign":"Rustynator","contribution":"lolnet","details":"","website":"","contributionLevel":0},{"name":"SalTDS","ign":"SalTDS","contribution":"lolnet","details":"","website":"","contributionLevel":0},{"name":"uradox","ign":"uradox","contribution":"lolnet","details":"","website":"","contributionLevel":2},{"name":"Rohdon","ign":"Rohdon","contribution":"lolnet","details":"","website":"","contributionLevel":0},{"name":"ArcaneAscension","ign":"ArcaneAscension","contribution":"lolnet","details":"","website":"","contributionLevel":0},{"name":"soul_lighter","ign":"Soul_Lighter","contribution":"lolnet","details":"","website":"","contributionLevel":0},{"name":"Haigen","ign":"Haigen","contribution":"lolnet","details":"","website":"","contributionLevel":2},{"name":"modulateddreams","ign":"ModulatedDreams","contribution":"lolnet","details":"","website":"","contributionLevel":0},{"name":"ChickenMobile","ign":"ChickenMobile","contribution":"lolnet","details":"","website":"","contributionLevel":0},{"name":"Handyman_Sam","ign":"Handyman_Sam","contribution":"lolnet","details":"","website":"","contributionLevel":0},{"name":"jarakii4","ign":"Raladinz","contribution":"lolnet","details":"","website":"","contributionLevel":0},{"name":"kristyellen","ign":"kristyellen","contribution":"lolnet","details":"","website":"","contributionLevel":0},{"name":"willo33","ign":"Tripwize","contribution":"lolnet","details":"","website":"","contributionLevel":0},{"name":"123zane321","ign":"123zane321","contribution":"lolnet","details":"","website":"","contributionLevel":0},{"name":"CrowbarJr","ign":"CrowbarJr","contribution":"lolnet","details":"","website":"","contributionLevel":0},{"name":"Fluro_","ign":"Fluro_","contribution":"lolnet","details":"","website":"","contributionLevel":0},{"name":"OnyxSentinel04","ign":"OnyxSentinel04","contribution":"lolnet","details":"","website":"","contributionLevel":0},{"name":"raider_880","ign":"raider_880","contribution":"lolnet","details":"","website":"","contributionLevel":0},{"name":"deamonbite","ign":"deamonbite","contribution":"lolnet","details":"","website":"","contributionLevel":0},{"name":"Skittzman","ign":"Skittzman","contribution":"lolnet","details":"","website":"","contributionLevel":0},{"name":"44shades44","ign":"44shades44","contribution":"lolnet","details":"","website":"","contributionLevel":0},{"name":"Dr_Teath","ign":"Dr_Teath","contribution":"lolnet","details":"","website":"","contributionLevel":2},{"name":"fwb2700","ign":"fwb2700","contribution":"lolnet","details":"","website":"","contributionLevel":0},{"name":"rhodesy523","ign":"rhodesy523","contribution":"lolnet","details":"","website":"","contributionLevel":0},{"name":"Waylandor","ign":"Waylandor","contribution":"lolnet","details":"","website":"","contributionLevel":0},{"name":"alizdor","ign":"alizdor","contribution":"lolnet","details":"","website":"","contributionLevel":0},{"name":"yampertx","ign":"yampertx","contribution":"lolnet","details":"","website":"","contributionLevel":0},{"name":"raider880","ign":"raider880","contribution":"lolnet","details":"","website":"","contributionLevel":0},{"name":"Glitchunter","ign":"Jeffinitive","contribution":"lolnet","details":"","website":"","contributionLevel":0},{"name":"MuadDib912","ign":"MuadDib912","contribution":"lolnet","details":"","website":"","contributionLevel":0},{"name":"Oztin","ign":"Oztin","contribution":"lolnet","details":"","website":"","contributionLevel":0},{"name":"Sarkazo","ign":"Sarkazo","contribution":"lolnet","details":"","website":"","contributionLevel":2},{"name":"Dobsonium","ign":"Dobsonium","contribution":"lolnet","details":"","website":"","contributionLevel":0},{"name":"chocofish31","ign":"Chocofish31","contribution":"lolnet","details":"","website":"","contributionLevel":0},{"name":"Dingasm","ign":"Dingasm","contribution":"lolnet","details":"","website":"","contributionLevel":0},{"name":"Microjet","ign":"Microjet","contribution":"lolnet","details":"","website":"","contributionLevel":0},{"name":"scurry21","ign":"scurry21","contribution":"lolnet","details":"","website":"","contributionLevel":0},{"name":"anarki99nz","ign":"anarki99nz","contribution":"lolnet","details":"","website":"","contributionLevel":2},{"name":"Cluracan","ign":"Cluracan","contribution":"lolnet","details":"","website":"","contributionLevel":0},{"name":"Deathnz1","ign":"Deathnz1","contribution":"lolnet","details":"","website":"","contributionLevel":0},{"name":"Ae0lian","ign":"Ae0lian","contribution":"lolnet","details":"","website":"","contributionLevel":0},{"name":"Death4999901","ign":"Death4999901","contribution":"lolnet","details":"","website":"","contributionLevel":0},{"name":"Igneel32","ign":"Igneel32","contribution":"lolnet","details":"","website":"","contributionLevel":0},{"name":"StabbyInc","ign":"StabbyInc","contribution":"lolnet","details":"","website":"","contributionLevel":0},{"name":"xElementzx","ign":"xElementzx","contribution":"lolnet","details":"","website":"","contributionLevel":0},{"name":"Troopy_","ign":"BradleyJ12","contribution":"lolnet","details":"","website":"","contributionLevel":0},{"name":"Hawkizedyus","ign":"Hawkizedyus","contribution":"lolnet","details":"","website":"","contributionLevel":2},{"name":"Jackster819","ign":"Jackster819","contribution":"lolnet","details":"","website":"","contributionLevel":2},{"name":"0xilly","ign":"0xilly","contribution":"","details":"","website":"","contributionLevel":0},{"name":"WarPikachu","ign":"WarPikachu","contribution":"patreon","details":"","website":"","contributionLevel":2}]
