{
  "downloadsAllowed": true,
  "tutorialDisplayed": true,
  "editMode": false,
  "etCheckFluid": true,
  "editingRepoLoc": "",
  "editorAlwaysOnTop": false,
  "editorLineWrap": false,
  "maxTabs": 16,
  "editorLAF": "",
  "screenMode": 0,
  "screenPosOverride": false,
  "screenPosX": 0,
  "screenPosY": 0,
  "userLanguage": "[MINECRAFT-LANG]",
  "homePage": "projectintelligence:",
  "searchMode": "EVERYWHERE",
  "pageLangOverrides": {
    "draconicadditions:chaotic_armor/chaotic_helm": "en_us"
  },
  "modLangOverrides": {},
  "modVersionOverrides": {}
}