{
    "images":
    {
        "title":
        {
            "image" : "mastertech:textures/gui/title/background/alfa.png",
            "posX" : -230,
            "posY" : 0,
            "width" : 256,
            "height" : 1080,
            "alignment" : "top_right"
        }
    },
    
    "buttons":
    {
        "singleplayer":
        {
            "text" : "menu.singleplayer",
            "texture" : "mastertech:textures/gui/title/background/longbutton.png",
            "posX" : -220,
            "posY" : -75,
            "width" : 200,
            "height" : 20,
            "alignment" : "right_center",
            "action" : 
            {
                "type" : "openGui",
                "gui" : "singleplayer"
            }
        },
        
        "multiplayer":
        {
            "text" : "menu.multiplayer",
            "texture" : "mastertech:textures/gui/title/background/longbutton.png",            
            "posX" : -220,
            "posY" : -50,
            "width" : 200,
            "height" : 20,
            "alignment" : "right_center",
            "action" : 
            {
                "type" : "openGui",
                "gui" : "multiplayer"
            }
        },
        "mods":
        {
            "text" : "fml.menu.mods",
            "texture" : "mastertech:textures/gui/title/background/longbutton.png",            
            "posX" : -220,
            "posY" : -25,
            "width" : 200,
            "height" : 20,
            "alignment" : "right_center",
            "action" : 
            {
                "type" : "openGui",
                "gui" : "mods"
            }
        },
            
        "options":
        {
            "text" : "menu.options",
            "texture" : "mastertech:textures/gui/title/background/longbutton.png",            
            "posX" : -220,
            "posY" : 0,
            "width" : 200,
            "height" : 20,
            "alignment" : "right_center",
            "action" : 
            {
                "type" : "openGui",
                "gui" : "options"
            }
        },
        "quit":
        {
            "text" : "menu.quit",
            "texture" : "mastertech:textures/gui/title/background/longbutton.png",            
            "posX" : -220,
            "posY" : 25,
            "width" : 200,
            "height" : 20,
            "alignment" : "right_center",
            "action" : 
            {
                "type" : "quit"
            }
        },
        "site":
        {
            "text" : "mastertech.gui.site",
            "texture" : "mastertech:textures/gui/title/background/shortbutton.png",            
            "posX" : -145,
            "posY" : 50,
            "width" : 125,
            "imageWidth" : 98,
            "height" : 20,
            "alignment" : "right_center",
            "action" : 
            {
                "type" : "openLink",
                "link" : "https://lgame.tech/"
            }
        },
        "vk":
        {
            "text" : " ",
            "texture" : "mastertech:textures/gui/title/background/vk.png",            
            "posX" : -220,
            "posY" : 50,
            "width" : 20,
            "height" : 20,
            "alignment" : "right_center",
            "imageWidth": "40",
            "imageHeight": "40",
            "action" : 
            {
                "type" : "openLink",
                "link" : "https://vk.com/liberator_games"
            }
        },
        "discord":
        {
            "text" : " ",
            "texture" : "mastertech:textures/gui/title/background/discord.png",            
            "posX" : -195,
            "posY" : 50,
            "width" : 20,
            "height" : 20,
            "alignment" : "right_center",
            "imageWidth": "40",
            "imageHeight": "40",
            "action" : 
            {
                "type" : "openLink",
                "link" : "https://discord.gg/sKzA3EcT5r"
            }
        },
        "language":
        {
            "text" : " ",
            "texture" : "mastertech:textures/gui/title/background/lang.png",            
            "posX" : -170,
            "posY" : 50,
            "width" : 20,
            "height" : 20,
            "alignment" : "right_center",
            "imageWidth": "40",
            "imageHeight": "40",
            "action" : 
            {
                "type" : "openGui",
                "gui" : "languages"
            }
        }/*"refresh":
        {
            "text" : " ",
            "texture" : "mastertech:textures/gui/title/background/vk.png",            
            "posX" : 25,
            "posY" : -43,
            "width" : 20,
            "height" : 20,
            "alignment" : "left_center",            
            "imageWidth": "40",
            "imageHeight": "40",
            "action" : 
            {
                "type" : "refresh"
            }
        }*/
    },
    
    "labels":
    {
        "mojang":
        {
            "text" : "Copyright Mojang AB. Do not distribute!",
            "posX" : 2,
            "posY" : 0,
            "color" : -1,
            "alignment" : "top_left"
        },
        
        "mods":
        {
            "text" : "fml.gui.mods",
            "posX" : 2,
            "posY" : 10,
            "color" : -1,
            "alignment" : "top_left"
        }
    },
        
    "other":
    {
        "background":
        {
            "image" : "mastertech:textures/gui/title/background/background_end.png",
            "mode" : "stretch"
            }
        }
    }
}
