{
  "id": "quarryplus:builtin_miningwellplus",
  "type": "quarryplus:workbench_recipe",
  "ingredients": [
    {
      "item": "minecraft:diamond",
      "data": 0,
      "count": 2
    },
    {
      "item": "minecraft:gold_ingot",
      "data": 0,
      "count": 6
    },
    {
      "item": "minecraft:iron_ingot",
      "data": 0,
      "count": 32
    },
    {
      "item": "minecraft:redstone",
      "data": 0,
      "count": 16
    },
    {
      "item": "minecraft:ender_pearl",
      "data": 0,
      "count": 2
    }
  ],
  "energy": 160000.0,
  "showInJEI": true,
  "result": {
    "item": "quarryplus:miningwellplus",
    "data": 0,
    "count": 1
  },
  "conditions": [
    {
      "type": "quarryplus:machine_enabled",
      "value": "MiningwellPlus"
    }
  ]
}
