{
  "MAINHAND": {
    "aoa3:alacrity_bow": 850,
    "aoa3:amethyst_axe": 727,
    "aoa3:amethyst_sword": 693,
    "aoa3:ancient_bow": 850,
    "aoa3:atlantic_bow": 850,
    "aoa3:baron_bow": 850,
    "aoa3:baron_sword": 516,
    "aoa3:bloodfury": 471,
    "aoa3:bloodstone_sword": 424,
    "aoa3:boreic_bow": 850,
    "aoa3:candlefire_sword": 271,
    "aoa3:caramel_carver": 349,
    "aoa3:chainsaw": 744,
    "aoa3:coralstorm_sword": 676,
    "aoa3:creepified_sword": 447,
    "aoa3:crystallite_sword": 424,
    "aoa3:daybreaker_bow": 850,
    "aoa3:deep_bow": 850,
    "aoa3:emberstone_axe": 693,
    "aoa3:emberstone_sword": 559,
    "aoa3:energistic_axe": 676,
    "aoa3:explochron_sword": 375,
    "aoa3:explosive_bow": 850,
    "aoa3:fireborne_sword": 516,
    "aoa3:goofy_axe": 856,
    "aoa3:guardians_sword": 375,
    "aoa3:harvester_sword": 243,
    "aoa3:haunted_bow": 850,
    "aoa3:holy_sword": 900,
    "aoa3:ice_bow": 850,
    "aoa3:illusion_sword": 399,
    "aoa3:infernal_bow": 850,
    "aoa3:jade_axe": 744,
    "aoa3:jade_sword": 711,
    "aoa3:justice_bow": 850,
    "aoa3:legbone_sword": 493,
    "aoa3:lights_way": 693,
    "aoa3:limonite_axe": 804,
    "aoa3:limonite_sword": 775,
    "aoa3:lunar_bow": 850,
    "aoa3:mecha_bow": 850,
    "aoa3:nethengeic_sword": 424,
    "aoa3:nightmare_bow": 850,
    "aoa3:occult_axe": 676,
    "aoa3:ornamyte_axe": 676,
    "aoa3:poison_bow": 850,
    "aoa3:predatious_bow": 850,
    "aoa3:primal_sword": 471,
    "aoa3:primordial_bow": 850,
    "aoa3:rock_pick_sword": 516,
    "aoa3:rockbasher_sword": 324,
    "aoa3:rosidian_bow": 850,
    "aoa3:rosidian_sword": 349,
    "aoa3:rosite_axe": 759,
    "aoa3:rosite_sword": 727,
    "aoa3:runic_bow": 850,
    "aoa3:runic_sword": 243,
    "aoa3:sapphire_axe": 711,
    "aoa3:sapphire_sword": 600,
    "aoa3:screamer_bow": 850,
    "aoa3:shadow_sword": 271,
    "aoa3:shroomus_sword": 375,
    "aoa3:shyregem_bow": 850,
    "aoa3:skeletal_axe": 676,
    "aoa3:skeletal_bow": 850,
    "aoa3:skeletal_sword": 579,
    "aoa3:skydriver_bow": 850,
    "aoa3:slingshot": 850,
    "aoa3:soulfire_bow": 850,
    "aoa3:soulstone_axe": 676,
    "aoa3:spectral_bow": 850,
    "aoa3:speed_bow": 850,
    "aoa3:sunshine_bow": 850,
    "aoa3:supremacy_sword": 399,
    "aoa3:sweet_sword": 375,
    "aoa3:toxin_bow": 850,
    "aoa3:troll_basher_axe": 516,
    "aoa3:ultraflame": 297,
    "aoa3:void_bow": 850,
    "aoa3:void_sword": 579,
    "aoa3:weaken_bow": 850,
    "aoa3:wither_bow": 850,
    "appliedenergistics2:certus_quartz_axe": 600,
    "appliedenergistics2:certus_quartz_sword": 856,
    "appliedenergistics2:nether_quartz_axe": 600,
    "appliedenergistics2:nether_quartz_sword": 856,
    "armortech:steel_sword": 843,
    "armortech:tungsten_sword": 831,
    "armortech:tungstensteel_sword": 804,
    "botania:crystalbow": 850,
    "botania:elementiumaxe": 600,
    "botania:elementiumsword": 856,
    "botania:enderdagger": 856,
    "botania:livingwoodbow": 850,
    "botania:manasteelaxe": 600,
    "botania:manasteelsword": 856,
    "botania:starsword": 831,
    "botania:terraaxe": 600,
    "botania:terrasword": 831,
    "botania:thundersword": 831,
    "botanicadds:mana_stealer_sword": 559,
    "divinerpg:amthirmis_backsword": 856,
    "divinerpg:amthirmis_bow": 850,
    "divinerpg:amthirmis_claw": 879,
    "divinerpg:amthirmis_hammer": 804,
    "divinerpg:apalachia_axe": 559,
    "divinerpg:apalachia_blade": 1,
    "divinerpg:apalachia_bow": 850,
    "divinerpg:aquatic_dagger": 744,
    "divinerpg:aquatic_maul": 424,
    "divinerpg:aquatic_trident": 600,
    "divinerpg:aquaton": 516,
    "divinerpg:aquatooth_maul": 424,
    "divinerpg:aquatooth_sword": 559,
    "divinerpg:arcanite_blade": 1,
    "divinerpg:arcanium_saber": 216,
    "divinerpg:arksiane_backsword": 1,
    "divinerpg:arksiane_bow": 850,
    "divinerpg:arksiane_claw": 1,
    "divinerpg:arksiane_hammer": 1,
    "divinerpg:arlemite_axe": 639,
    "divinerpg:arlemite_stabber": 676,
    "divinerpg:bedrock_axe": 676,
    "divinerpg:bedrock_maul": 600,
    "divinerpg:bedrock_sword": 600,
    "divinerpg:black_ender_sword": 516,
    "divinerpg:bloodgem_sword": 775,
    "divinerpg:blue_divine_sword": 375,
    "divinerpg:blue_ender_sword": 516,
    "divinerpg:bluefire_bow": 850,
    "divinerpg:bluefire_sword": 324,
    "divinerpg:cermile_backsword": 639,
    "divinerpg:cermile_bow": 850,
    "divinerpg:cermile_claw": 804,
    "divinerpg:cermile_hammer": 559,
    "divinerpg:corrupted_axe": 639,
    "divinerpg:corrupted_maul": 639,
    "divinerpg:crabclaw_maul": 711,
    "divinerpg:cyclopsian_sword": 856,
    "divinerpg:darven_backsword": 775,
    "divinerpg:darven_bow": 850,
    "divinerpg:darven_claw": 831,
    "divinerpg:darven_hammer": 676,
    "divinerpg:death_bringer": 676,
    "divinerpg:divine_axe": 600,
    "divinerpg:divine_sword": 375,
    "divinerpg:dream_axe": 711,
    "divinerpg:dual_claw": 676,
    "divinerpg:eden_axe": 639,
    "divinerpg:eden_blade": 100,
    "divinerpg:eden_bow": 850,
    "divinerpg:ender_bow": 850,
    "divinerpg:ender_sword": 516,
    "divinerpg:enderice": 375,
    "divinerpg:everbright": 1,
    "divinerpg:everfright": 850,
    "divinerpg:everlight": 1,
    "divinerpg:flaming_fury": 1,
    "divinerpg:frossivence": 951,
    "divinerpg:frost_sword": 744,
    "divinerpg:frostking_sword": 516,
    "divinerpg:frozen_maul": 471,
    "divinerpg:fury_maul": 424,
    "divinerpg:glacier_sword": 424,
    "divinerpg:gray_divine_sword": 375,
    "divinerpg:green_divine_sword": 375,
    "divinerpg:green_ender_sword": 516,
    "divinerpg:halite_blade": 1,
    "divinerpg:halite_bow": 850,
    "divinerpg:heliosis_backsword": 1,
    "divinerpg:heliosis_bow": 850,
    "divinerpg:heliosis_claw": 1,
    "divinerpg:heliosis_hammer": 1,
    "divinerpg:hunter_bow": 850,
    "divinerpg:icicle_bane": 600,
    "divinerpg:icicle_bow": 850,
    "divinerpg:icine_sword": 216,
    "divinerpg:inferno_bow": 850,
    "divinerpg:inferno_sword": 676,
    "divinerpg:jungle_knife": 676,
    "divinerpg:jungle_rapier": 516,
    "divinerpg:karos_backsword": 216,
    "divinerpg:karos_bow": 850,
    "divinerpg:karos_claw": 375,
    "divinerpg:karos_hammer": 1,
    "divinerpg:karos_rockmaul": 1,
    "divinerpg:livicia_sword": 1,
    "divinerpg:massivence": 951,
    "divinerpg:molten_sword": 744,
    "divinerpg:mortum_axe": 471,
    "divinerpg:mortum_blade": 1,
    "divinerpg:mortum_bow": 850,
    "divinerpg:ocean_knife": 600,
    "divinerpg:palavence": 951,
    "divinerpg:pardimal_backsword": 516,
    "divinerpg:pardimal_bow": 850,
    "divinerpg:pardimal_claw": 676,
    "divinerpg:pardimal_hammer": 375,
    "divinerpg:poison_saber": 516,
    "divinerpg:quadrotic_backsword": 324,
    "divinerpg:quadrotic_bow": 850,
    "divinerpg:quadrotic_claw": 600,
    "divinerpg:quadrotic_hammer": 100,
    "divinerpg:realmite_axe": 676,
    "divinerpg:realmite_sword": 856,
    "divinerpg:red_divine_sword": 375,
    "divinerpg:red_ender_sword": 516,
    "divinerpg:rupee_axe": 639,
    "divinerpg:rupee_rapier": 676,
    "divinerpg:sandslash": 271,
    "divinerpg:scorching_sword": 324,
    "divinerpg:shadow_bow": 850,
    "divinerpg:shadow_saber": 324,
    "divinerpg:shark_sword": 600,
    "divinerpg:skythern_axe": 516,
    "divinerpg:skythern_blade": 1,
    "divinerpg:skythern_bow": 850,
    "divinerpg:slime_sword": 711,
    "divinerpg:snowslash": 39,
    "divinerpg:snowstorm_bow": 850,
    "divinerpg:storm_sword": 879,
    "divinerpg:teaker_backsword": 900,
    "divinerpg:teaker_bow": 850,
    "divinerpg:teaker_claw": 919,
    "divinerpg:teaker_hammer": 856,
    "divinerpg:terran_dagger": 639,
    "divinerpg:terran_knife": 676,
    "divinerpg:terran_maul": 559,
    "divinerpg:twilight_bow": 850,
    "divinerpg:wildwood_axe": 600,
    "divinerpg:wildwood_blade": 1,
    "divinerpg:wildwood_bow": 850,
    "divinerpg:yellow_divine_sword": 375,
    "divinerpg:yellow_ender_sword": 516,
    "essentialcraft:chaosfork": 775,
    "essentialcraft:elemental_axe": 711,
    "essentialcraft:elemental_sword": 775,
    "essentialcraft:elementalsword": 775,
    "essentialcraft:frozenmace": 775,
    "essentialcraft:holymace": 775,
    "essentialcraft:shadeknife": 271,
    "essentialcraft:shadeslasher": 271,
    "essentialcraft:shadesword": 271,
    "essentialcraft:soulscriber": 900,
    "essentialcraft:weak_elemental_axe": 789,
    "essentialcraft:weak_elemental_sword": 843,
    "essentialcraft:wind_elemental_axe": 676,
    "essentialcraft:wind_elemental_sword": 744,
    "extrabotany:excaliber": 744,
    "extrabotany:failnaught": 850,
    "extrabotany:shadowkatana": 856,
    "extraplanets:blue_diamond_axe": 775,
    "extraplanets:blue_diamond_sword": 516,
    "extraplanets:blue_gem_axe": 775,
    "extraplanets:blue_gem_sword": 600,
    "extraplanets:carbon_axe": 775,
    "extraplanets:carbon_sword": 657,
    "extraplanets:crystal_axe": 775,
    "extraplanets:crystal_sword": 600,
    "extraplanets:green_diamond_axe": 775,
    "extraplanets:green_diamond_sword": 516,
    "extraplanets:magnesium_axe": 775,
    "extraplanets:magnesium_sword": 619,
    "extraplanets:mercury_axe": 775,
    "extraplanets:mercury_sword": 676,
    "extraplanets:palladium_axe": 775,
    "extraplanets:palladium_sword": 639,
    "extraplanets:purple_diamond_axe": 775,
    "extraplanets:purple_diamond_sword": 516,
    "extraplanets:red_diamond_axe": 775,
    "extraplanets:red_diamond_sword": 516,
    "extraplanets:red_gem_axe": 775,
    "extraplanets:red_gem_sword": 619,
    "extraplanets:tungsten_axe": 775,
    "extraplanets:tungsten_sword": 559,
    "extraplanets:uranium_axe": 775,
    "extraplanets:uranium_sword": 693,
    "extraplanets:white_gem_axe": 775,
    "extraplanets:white_gem_sword": 619,
    "extraplanets:yellow_diamond_axe": 775,
    "extraplanets:yellow_diamond_sword": 516,
    "extraplanets:zinc_axe": 775,
    "extraplanets:zinc_sword": 579,
    "galacticraftcore:steel_sword": 856,
    "galacticraftplanets:desh_sword": 843,
    "galacticraftplanets:grapple": 850,
    "galacticraftplanets:titanium_sword": 744,
    "immersiveengineering:sword_steel": 843,
    "minecraft:bow": 850,
    "minecraft:diamond_axe": 600,
    "minecraft:diamond_sword": 831,
    "minecraft:enchanted_book": 800,
    "minecraft:golden_axe": 676,
    "minecraft:golden_sword": 900,
    "minecraft:iron_axe": 600,
    "minecraft:iron_sword": 856,
    "minecraft:lingering_potion": 750,
    "minecraft:snowball": 900,
    "minecraft:splash_potion{Potion:\"minecraft:harming\"}": 750,
    "minecraft:stone_axe": 600,
    "minecraft:stone_sword": 879,
    "minecraft:tnt": 600,
    "minecraft:wooden_axe": 676,
    "minecraft:wooden_sword": 900,
    "moreplanets:alien_berry_wood_axe": 856,
    "moreplanets:alien_berry_wood_sword": 900,
    "moreplanets:cheese_spore_wood_axe": 856,
    "moreplanets:cheese_spore_wood_sword": 900,
    "moreplanets:diremsium_axe": 711,
    "moreplanets:diremsium_sword": 775,
    "moreplanets:illenium_axe": 727,
    "moreplanets:illenium_sword": 789,
    "moreplanets:infected_wood_axe": 856,
    "moreplanets:infected_wood_sword": 900,
    "moreplanets:multalic_crystal_axe": 751,
    "moreplanets:multalic_crystal_sword": 810,
    "moreplanets:nibiru_stone_axe": 831,
    "moreplanets:nibiru_stone_sword": 879,
    "mysticalagriculture:inferium_axe": 600,
    "mysticalagriculture:inferium_bow": 850,
    "mysticalagriculture:inferium_sword": 856,
    "mysticalagriculture:intermedium_axe": 375,
    "mysticalagriculture:intermedium_bow": 850,
    "mysticalagriculture:intermedium_sword": 711,
    "mysticalagriculture:prudentium_axe": 516,
    "mysticalagriculture:prudentium_bow": 850,
    "mysticalagriculture:prudentium_sword": 804,
    "mysticalagriculture:soulium_dagger": 831,
    "mysticalagriculture:superium_axe": 159,
    "mysticalagriculture:superium_bow": 850,
    "mysticalagriculture:superium_sword": 559,
    "mysticalagriculture:supremium_axe": 1,
    "mysticalagriculture:supremium_bow": 850,
    "mysticalagriculture:supremium_sword": 271,
    "mysticalworld:amethyst_axe": 600,
    "mysticalworld:amethyst_sword": 831,
    "mysticalworld:copper_axe": 600,
    "mysticalworld:copper_sword": 856,
    "mysticalworld:silver_axe": 600,
    "mysticalworld:silver_sword": 843,
    "natura:bloodwood_axe": 775,
    "natura:bloodwood_bow": 850,
    "natura:bloodwood_kama": 831,
    "natura:bloodwood_sword": 831,
    "natura:darkwood_axe": 600,
    "natura:darkwood_bow": 850,
    "natura:darkwood_kama": 879,
    "natura:darkwood_sword": 879,
    "natura:fusewood_axe": 600,
    "natura:fusewood_bow": 850,
    "natura:fusewood_kama": 856,
    "natura:fusewood_sword": 856,
    "natura:ghostwood_axe": 676,
    "natura:ghostwood_bow": 850,
    "natura:ghostwood_kama": 900,
    "natura:ghostwood_sword": 900,
    "natura:netherquartz_axe": 600,
    "natura:netherquartz_kama": 879,
    "natura:netherquartz_sword": 879,
    "naturesaura:infused_iron_axe": 589,
    "naturesaura:infused_iron_sword": 849,
    "nethercraft:glowood_axe": 676,
    "nethercraft:glowood_sword": 900,
    "nethercraft:linium_axe": 600,
    "nethercraft:linium_bow": 850,
    "nethercraft:linium_sword": 804,
    "nethercraft:neridium_axe": 600,
    "nethercraft:neridium_bow": 850,
    "nethercraft:neridium_sword": 856,
    "nethercraft:netherrack_axe": 600,
    "nethercraft:netherrack_bow": 850,
    "nethercraft:netherrack_sword": 879,
    "nethercraft:pyridium_axe": 600,
    "nethercraft:pyridium_bow": 850,
    "nethercraft:pyridium_sword": 831,
    "netherex:blazed_amedian_axe": 559,
    "netherex:blazed_amedian_sword": 879,
    "netherex:frosted_amedian_axe": 559,
    "netherex:frosted_amedian_sword": 879,
    "netherex:withered_amedian_axe": 559,
    "netherex:withered_amedian_sword": 879,
    "omlib:fake_sword": 831,
    "primal:bone_hatchet": 804,
    "primal:corypha_bow": 850,
    "primal:diamond_axe": 600,
    "primal:diamond_hatchet": 744,
    "primal:emerald_axe": 600,
    "primal:emerald_hatchet": 744,
    "primal:flint_axe": 657,
    "primal:flint_hatchet": 789,
    "primal:ironwood_bow": 850,
    "primal:obsidian_axe": 619,
    "primal:obsidian_hatchet": 759,
    "primal:opal_axe": 559,
    "primal:opal_hatchet": 711,
    "primal:quartz_axe": 639,
    "primal:quartz_hatchet": 775,
    "primal:yew_bow": 850,
    "primal_tech:bone_axe": 639,
    "primal_tech:bone_knife": 900,
    "primal_tech:bone_sword": 900,
    "redstonearsenal:tool.battlewrench_flux": 900,
    "redstonearsenal:tool.bow_flux": 850,
    "redstonearsenal:tool.sword_flux": 900,
    "roots:living_axe": 600,
    "roots:living_sword": 856,
    "roots:wildwood_bow": 850,
    "survivalist:hatchet": 600,
    "techreborn:advancedchainsaw": 600,
    "techreborn:bronzeaxe": 600,
    "techreborn:bronzesword": 849,
    "techreborn:diamondchainsaw": 600,
    "techreborn:ironchainsaw": 600,
    "techreborn:nanosaber": 831,
    "techreborn:peridotaxe": 593,
    "techreborn:peridotsword": 846,
    "techreborn:rubyaxe": 581,
    "techreborn:rubysword": 838,
    "techreborn:sapphireaxe": 609,
    "techreborn:sapphiresword": 856,
    "thaumadditions:adaminite_sword": 516,
    "thaumcraft:crimson_blade": 817,
    "thaumcraft:elemental_axe": 600,
    "thaumcraft:elemental_sword": 831,
    "thaumcraft:thaumium_axe": 600,
    "thaumcraft:thaumium_sword": 843,
    "thaumcraft:void_axe": 600,
    "thaumcraft:void_sword": 831,
    "thebetweenlands:ancient_battle_axe": 775,
    "thebetweenlands:ancient_greatsword": 831,
    "thebetweenlands:bone_axe": 676,
    "thebetweenlands:bone_sword": 879,
    "thebetweenlands:critter_cruncher": 900,
    "thebetweenlands:hag_hacker": 889,
    "thebetweenlands:octine_axe": 639,
    "thebetweenlands:octine_sword": 856,
    "thebetweenlands:predator_bow": 850,
    "thebetweenlands:shockwave_sword": 831,
    "thebetweenlands:sludge_slicer": 900,
    "thebetweenlands:valonite_axe": 600,
    "thebetweenlands:valonite_greataxe": 775,
    "thebetweenlands:valonite_sword": 831,
    "thebetweenlands:weedwood_axe": 711,
    "thebetweenlands:weedwood_bow": 850,
    "thebetweenlands:weedwood_sword": 900,
    "thebetweenlands:wights_bane": 900,
    "thermalfoundation:tool.bow_aluminum": 850,
    "thermalfoundation:tool.bow_bronze": 850,
    "thermalfoundation:tool.bow_constantan": 850,
    "thermalfoundation:tool.bow_copper": 850,
    "thermalfoundation:tool.bow_diamond": 850,
    "thermalfoundation:tool.bow_electrum": 850,
    "thermalfoundation:tool.bow_gold": 850,
    "thermalfoundation:tool.bow_invar": 850,
    "thermalfoundation:tool.bow_iron": 850,
    "thermalfoundation:tool.bow_lead": 850,
    "thermalfoundation:tool.bow_nickel": 850,
    "thermalfoundation:tool.bow_platinum": 850,
    "thermalfoundation:tool.bow_silver": 850,
    "thermalfoundation:tool.bow_steel": 850,
    "thermalfoundation:tool.bow_stone": 850,
    "thermalfoundation:tool.bow_tin": 850,
    "thermalfoundation:tool.sword_aluminum": 879,
    "thermalfoundation:tool.sword_bronze": 856,
    "thermalfoundation:tool.sword_constantan": 867,
    "thermalfoundation:tool.sword_copper": 879,
    "thermalfoundation:tool.sword_electrum": 889,
    "thermalfoundation:tool.sword_invar": 843,
    "thermalfoundation:tool.sword_lead": 879,
    "thermalfoundation:tool.sword_nickel": 843,
    "thermalfoundation:tool.sword_platinum": 817,
    "thermalfoundation:tool.sword_silver": 879,
    "thermalfoundation:tool.sword_steel": 843,
    "thermalfoundation:tool.sword_tin": 879,
    "totemic:baykok_bow": 850,
    "tp:bone_axe": 693,
    "tp:bone_sword": 894,
    "tp:c_axe": 516,
    "tp:diamond_battle": 600,
    "tp:diamond_spear": 831,
    "tp:emerald_axe": 516,
    "tp:emerald_battle": 516,
    "tp:emerald_spear": 775,
    "tp:emerald_sword": 775,
    "tp:flint_axe": 657,
    "tp:flint_sword": 889,
    "tp:golden_battle": 676,
    "tp:golden_spear": 900,
    "tp:iron_battle": 600,
    "tp:iron_spear": 856,
    "tp:nether_axe": 600,
    "tp:nether_diamond_axe": 600,
    "tp:nether_diamond_sword": 831,
    "tp:nether_gold_axe": 676,
    "tp:nether_gold_sword": 900,
    "tp:nether_iron_axe": 600,
    "tp:nether_iron_sword": 856,
    "tp:nether_sword": 879,
    "tp:obsidian_axe": 559,
    "tp:obsidian_battle": 559,
    "tp:obsidian_spear": 804,
    "tp:obsidian_sword": 804,
    "tp:stone_battle": 600,
    "tp:stone_spear": 879,
    "tp:wooden_battle": 676,
    "tp:wooden_spear": 900,
    "tp:wub_axe": 471,
    "tp:wub_sword": 711,
    "twilightforest:ender_bow": 850,
    "twilightforest:fiery_sword": 804,
    "twilightforest:giant_sword": 879,
    "twilightforest:glass_sword": 1,
    "twilightforest:ice_bow": 850,
    "twilightforest:ice_sword": 817,
    "twilightforest:ironwood_axe": 600,
    "twilightforest:ironwood_sword": 856,
    "twilightforest:knightmetal_axe": 559,
    "twilightforest:knightmetal_sword": 831,
    "twilightforest:minotaur_axe": 559,
    "twilightforest:minotaur_axe_gold": 676,
    "twilightforest:seeker_bow": 850,
    "twilightforest:steeleaf_axe": 559,
    "twilightforest:steeleaf_sword": 831,
    "twilightforest:triple_bow": 850
  },
  "OFFHAND": {
    "divinerpg:apalachia_shield": 850,
    "divinerpg:arlemite_shield": 850,
    "divinerpg:eden_shield": 850,
    "divinerpg:halite_shield": 850,
    "divinerpg:mortum_shield": 850,
    "divinerpg:realmite_shield": 850,
    "divinerpg:rupee_shield": 850,
    "divinerpg:skythern_shield": 850,
    "divinerpg:wildwood_shield": 850,
    "extrabotany:achilleshield": 850,
    "extrabotany:elementiumshield": 850,
    "extrabotany:manasteelshield": 850,
    "extrabotany:terrasteelshield": 850,
    "minecraft:ender_pearl": 600,
    "minecraft:flint_and_steel": 700,
    "minecraft:lava_bucket": 400,
    "minecraft:shield": 850,
    "thebetweenlands:bone_shield": 850,
    "thebetweenlands:dentrothyst_shield_green": 850,
    "thebetweenlands:dentrothyst_shield_green_polished": 850,
    "thebetweenlands:dentrothyst_shield_orange": 850,
    "thebetweenlands:dentrothyst_shield_orange_polished": 850,
    "thebetweenlands:living_weedwood_shield": 850,
    "thebetweenlands:lurker_skin_shield": 850,
    "thebetweenlands:octine_shield": 850,
    "thebetweenlands:syrmorite_shield": 850,
    "thebetweenlands:valonite_shield": 850,
    "thebetweenlands:weedwood_shield": 850,
    "twilightforest:knightmetal_shield": 850
  },
  "FEET": {
    "aoa3:alacrity_boots": 312,
    "aoa3:alchemy_boots": 197,
    "aoa3:amethind_boots": 652,
    "aoa3:anima_boots": 197,
    "aoa3:archaic_boots": 175,
    "aoa3:augury_boots": 197,
    "aoa3:baron_boots": 1,
    "aoa3:battleborn_boots": 197,
    "aoa3:biogenic_boots": 510,
    "aoa3:boreic_boots": 229,
    "aoa3:butchery_boots": 197,
    "aoa3:candy_boots": 269,
    "aoa3:commander_boots": 229,
    "aoa3:creation_boots": 197,
    "aoa3:crystallis_boots": 301,
    "aoa3:elecanyte_boots": 219,
    "aoa3:embrodium_boots": 428,
    "aoa3:engineering_boots": 197,
    "aoa3:exoplate_boots": 417,
    "aoa3:expedition_boots": 197,
    "aoa3:explosive_boots": 392,
    "aoa3:extraction_boots": 197,
    "aoa3:foraging_boots": 197,
    "aoa3:fungal_boots": 367,
    "aoa3:ghastly_boots": 229,
    "aoa3:ghoulish_boots": 240,
    "aoa3:hauling_boots": 197,
    "aoa3:hazmat_boots": 614,
    "aoa3:hunter_boots": 197,
    "aoa3:hydrangic_boots": 323,
    "aoa3:hydroplate_boots": 186,
    "aoa3:ice_boots": 807,
    "aoa3:infernal_boots": 493,
    "aoa3:infusion_boots": 197,
    "aoa3:innervation_boots": 197,
    "aoa3:knight_boots": 142,
    "aoa3:logging_boots": 197,
    "aoa3:lunar_boots": 219,
    "aoa3:lyndamyte_boots": 543,
    "aoa3:lyonic_boots": 305,
    "aoa3:mercurial_boots": 460,
    "aoa3:necro_boots": 208,
    "aoa3:nethengeic_boots": 471,
    "aoa3:nightmare_boots": 219,
    "aoa3:omni_boots": 380,
    "aoa3:phantasm_boots": 356,
    "aoa3:poison_boots": 301,
    "aoa3:predatious_boots": 362,
    "aoa3:primordial_boots": 229,
    "aoa3:purity_boots": 247,
    "aoa3:rockbone_boots": 428,
    "aoa3:rosidian_boots": 312,
    "aoa3:runation_boots": 197,
    "aoa3:runic_boots": 172,
    "aoa3:sharpshot_boots": 323,
    "aoa3:skeletal_boots": 449,
    "aoa3:spaceking_boots": 229,
    "aoa3:speed_boots": 222,
    "aoa3:subterranean_boots": 406,
    "aoa3:utopian_boots": 380,
    "aoa3:void_boots": 652,
    "aoa3:weaken_boots": 439,
    "aoa3:wither_boots": 334,
    "aoa3:zargonite_boots": 208,
    "armortech:carbon_plate_boots": 869,
    "armortech:composite_boots": 602,
    "armortech:nano_boots": 789,
    "armortech:steel_boots": 707,
    "armortech:tungsten_boots": 565,
    "armortech:tungstensteel_boots": 477,
    "botania:elementiumboots": 737,
    "botania:manasteelboots": 758,
    "botania:manaweaveboots": 908,
    "botania:terrasteelboots": 538,
    "divinerpg:angelic_boots": 726,
    "divinerpg:apalachia_boots": 504,
    "divinerpg:aquastrive_boots": 604,
    "divinerpg:arlemite_boots": 593,
    "divinerpg:awakened_halite_boots": 429,
    "divinerpg:bedrock_boots": 399,
    "divinerpg:blue_ender_boots": 501,
    "divinerpg:blue_rupee_boots": 537,
    "divinerpg:corrupted_boots": 457,
    "divinerpg:degraded_boots": 672,
    "divinerpg:demonized_boots": 479,
    "divinerpg:divine_boots": 457,
    "divinerpg:eden_boots": 561,
    "divinerpg:elite_realmite_boots": 485,
    "divinerpg:ender_boots": 501,
    "divinerpg:finished_boots": 607,
    "divinerpg:frozen_boots": 590,
    "divinerpg:glistening_boots": 543,
    "divinerpg:gray_ender_boots": 501,
    "divinerpg:gray_rupee_boots": 537,
    "divinerpg:green_ender_boots": 501,
    "divinerpg:green_rupee_boots": 537,
    "divinerpg:halite_boots": 429,
    "divinerpg:inferno_boots": 678,
    "divinerpg:jack_o_man_boots": 641,
    "divinerpg:jungle_boots": 590,
    "divinerpg:korma_boots": 501,
    "divinerpg:kraken_boots": 629,
    "divinerpg:mortum_boots": 476,
    "divinerpg:netherite_boots": 535,
    "divinerpg:realmite_boots": 676,
    "divinerpg:red_ender_boots": 501,
    "divinerpg:red_rupee_boots": 537,
    "divinerpg:rupee_boots": 537,
    "divinerpg:santa_boots": 723,
    "divinerpg:shadow_boots": 613,
    "divinerpg:skeleman_boots": 669,
    "divinerpg:skythern_boots": 501,
    "divinerpg:terran_boots": 590,
    "divinerpg:tormented_boots": 415,
    "divinerpg:vemos_boots": 598,
    "divinerpg:wildwood_boots": 532,
    "divinerpg:wither_reaper_boots": 532,
    "divinerpg:yellow_ender_boots": 501,
    "divinerpg:yellow_rupee_boots": 537,
    "draconicevolution:draconic_boots": 891,
    "draconicevolution:wyvern_boots": 897,
    "essentialcraft:boots_inq": 112,
    "essentialcraft:boots_magic": 550,
    "essentialcraft:boots_void": 328,
    "essentialcraft:boots_wind": 932,
    "essentialcraft:computer_boots": 1,
    "essentialcraft:wind_boots": 421,
    "extrabotany:combatmaidboots": 334,
    "extrabotany:cosmeticmaidboots": 758,
    "extrabotany:goblinslayerboots": 672,
    "extrabotany:shadowwarriorboots": 659,
    "extraplanets:blue_diamond_boots": 622,
    "extraplanets:blue_gem_boots": 437,
    "extraplanets:carbon_boots": 636,
    "extraplanets:crystal_boots": 489,
    "extraplanets:green_diamond_boots": 622,
    "extraplanets:magnesium_boots": 597,
    "extraplanets:mercury_boots": 758,
    "extraplanets:palladium_boots": 638,
    "extraplanets:purple_diamond_boots": 622,
    "extraplanets:red_diamond_boots": 622,
    "extraplanets:red_gem_boots": 622,
    "extraplanets:tier1_space_suit_boots": 526,
    "extraplanets:tier1_space_suit_gravity_boots": 526,
    "extraplanets:tier2_space_suit_boots": 526,
    "extraplanets:tier2_space_suit_gravity_boots": 526,
    "extraplanets:tier3_space_suit_boots": 526,
    "extraplanets:tier3_space_suit_gravity_boots": 526,
    "extraplanets:tier4_space_suit_boots": 526,
    "extraplanets:tier4_space_suit_gravity_boots": 526,
    "extraplanets:tungsten_boots": 383,
    "extraplanets:uranium_boots": 703,
    "extraplanets:white_gem_boots": 492,
    "extraplanets:yellow_diamond_boots": 622,
    "extraplanets:zinc_boots": 435,
    "forestry:apiarist_boots": 907,
    "galacticraftcore:steel_boots": 599,
    "galacticraftplanets:desh_boots": 452,
    "galacticraftplanets:titanium_boots": 608,
    "immersiveengineering:faraday_suit_feet": 966,
    "immersiveengineering:steel_armor_feet": 705,
    "mekanism:freerunners": 1000,
    "minecraft:chainmail_boots": 844,
    "minecraft:diamond_boots": 683,
    "minecraft:golden_boots": 900,
    "minecraft:iron_boots": 839,
    "minecraft:leather_boots": 932,
    "moreplanets:diremsium_boots": 347,
    "moreplanets:illenium_boots": 461,
    "moreplanets:multalic_crystal_boots": 459,
    "mysticalagriculture:inferium_boots": 724,
    "mysticalagriculture:intermedium_boots": 41,
    "mysticalagriculture:prudentium_boots": 495,
    "mysticalagriculture:superium_boots": 1,
    "mysticalagriculture:supremium_boots": 1,
    "mysticalworld:copper_boots": 778,
    "mysticalworld:silver_boots": 663,
    "natura:imp_armor_boots": 602,
    "naturesaura:infused_iron_shoes": 728,
    "nethercraft:imp_boots": 907,
    "nethercraft:neridium_boots": 839,
    "nethercraft:w_obsidian_boots": 683,
    "netherex:black_salamander_hide_boots": 827,
    "netherex:orange_salamander_hide_boots": 827,
    "netherex:wither_bone_boots": 861,
    "pneumaticcraft:pneumatic_boots": 680,
    "primal:armor_obsidian_feet": 650,
    "primal:armor_ovis_feet": 774,
    "primal:armor_wolf_feet": 774,
    "projecte:item.pe_dm_armor_0": 596,
    "projecte:item.pe_gem_armor_0": 596,
    "projecte:item.pe_rm_armor_0": 596,
    "redstonearsenal:armor.boots_flux": 1,
    "roots:sylvan_boots": 803,
    "roots:wildwood_boots": 706,
    "survivalist:tanned_boots": 831,
    "tconstruct:slime_boots": 1000,
    "techreborn:bronzeboots": 754,
    "techreborn:peridotboots": 746,
    "techreborn:rubyboots": 763,
    "techreborn:sapphireboots": 732,
    "thaumadditions:adaminite_boots": 853,
    "thaumadditions:mithminite_boots": 786,
    "thaumcraft:cloth_boots": 680,
    "thaumcraft:crimson_boots": 839,
    "thaumcraft:thaumium_boots": 653,
    "thaumcraft:traveller_boots": 680,
    "thaumcraft:void_boots": 815,
    "thebetweenlands:ancient_boots": 553,
    "thebetweenlands:bone_boots": 898,
    "thebetweenlands:lurker_skin_boots": 846,
    "thebetweenlands:marsh_runner_boots": 887,
    "thebetweenlands:rubber_boots": 887,
    "thebetweenlands:syrmorite_boots": 776,
    "thebetweenlands:valonite_boots": 553,
    "thermalfoundation:armor.boots_aluminum": 822,
    "thermalfoundation:armor.boots_bronze": 741,
    "thermalfoundation:armor.boots_constantan": 807,
    "thermalfoundation:armor.boots_copper": 857,
    "thermalfoundation:armor.boots_electrum": 843,
    "thermalfoundation:armor.boots_invar": 707,
    "thermalfoundation:armor.boots_lead": 814,
    "thermalfoundation:armor.boots_nickel": 773,
    "thermalfoundation:armor.boots_platinum": 537,
    "thermalfoundation:armor.boots_silver": 852,
    "thermalfoundation:armor.boots_steel": 698,
    "thermalfoundation:armor.boots_tin": 874,
    "tp:flint_boots": 833,
    "twilightforest:arctic_boots": 830,
    "twilightforest:fiery_boots": 639,
    "twilightforest:ironwood_boots": 715,
    "twilightforest:knightmetal_boots": 708,
    "twilightforest:steeleaf_boots": 816,
    "twilightforest:yeti_boots": 702
  },
  "LEGS": {
    "aoa3:alacrity_legs": 312,
    "aoa3:alchemy_legs": 197,
    "aoa3:amethind_legs": 652,
    "aoa3:anima_legs": 197,
    "aoa3:archaic_legs": 175,
    "aoa3:augury_legs": 197,
    "aoa3:baron_legs": 1,
    "aoa3:battleborn_legs": 197,
    "aoa3:biogenic_legs": 510,
    "aoa3:boreic_legs": 229,
    "aoa3:butchery_legs": 197,
    "aoa3:candy_legs": 269,
    "aoa3:commander_legs": 229,
    "aoa3:creation_legs": 197,
    "aoa3:crystallis_legs": 301,
    "aoa3:elecanyte_legs": 219,
    "aoa3:embrodium_legs": 428,
    "aoa3:engineering_legs": 197,
    "aoa3:exoplate_legs": 417,
    "aoa3:expedition_legs": 197,
    "aoa3:explosive_legs": 392,
    "aoa3:extraction_legs": 197,
    "aoa3:foraging_legs": 197,
    "aoa3:fungal_legs": 367,
    "aoa3:ghastly_legs": 229,
    "aoa3:ghoulish_legs": 240,
    "aoa3:hauling_legs": 197,
    "aoa3:hazmat_legs": 614,
    "aoa3:hunter_legs": 197,
    "aoa3:hydrangic_legs": 323,
    "aoa3:hydroplate_legs": 186,
    "aoa3:ice_legs": 807,
    "aoa3:infernal_legs": 493,
    "aoa3:infusion_legs": 197,
    "aoa3:innervation_legs": 197,
    "aoa3:knight_legs": 142,
    "aoa3:logging_legs": 197,
    "aoa3:lunar_legs": 219,
    "aoa3:lyndamyte_legs": 543,
    "aoa3:lyonic_legs": 305,
    "aoa3:mercurial_legs": 460,
    "aoa3:necro_legs": 208,
    "aoa3:nethengeic_legs": 471,
    "aoa3:nightmare_legs": 219,
    "aoa3:omni_legs": 380,
    "aoa3:phantasm_legs": 356,
    "aoa3:poison_legs": 301,
    "aoa3:predatious_legs": 362,
    "aoa3:primordial_legs": 229,
    "aoa3:purity_legs": 247,
    "aoa3:rockbone_legs": 428,
    "aoa3:rosidian_legs": 312,
    "aoa3:runation_legs": 197,
    "aoa3:runic_legs": 172,
    "aoa3:sharpshot_legs": 323,
    "aoa3:skeletal_legs": 449,
    "aoa3:spaceking_legs": 229,
    "aoa3:speed_legs": 222,
    "aoa3:subterranean_legs": 406,
    "aoa3:utopian_legs": 380,
    "aoa3:void_legs": 652,
    "aoa3:weaken_legs": 439,
    "aoa3:wither_legs": 334,
    "aoa3:zargonite_legs": 208,
    "armortech:carbon_plate_leggings": 869,
    "armortech:composite_leggings": 602,
    "armortech:nano_leggings": 789,
    "armortech:steel_leggings": 707,
    "armortech:tungsten_leggings": 565,
    "armortech:tungstensteel_leggings": 477,
    "botania:elementiumlegs": 737,
    "botania:manasteellegs": 758,
    "botania:manaweavelegs": 908,
    "botania:terrasteellegs": 538,
    "divinerpg:angelic_leggings": 726,
    "divinerpg:apalachia_leggings": 504,
    "divinerpg:aquastrive_leggings": 604,
    "divinerpg:arlemite_leggings": 593,
    "divinerpg:awakened_halite_leggings": 429,
    "divinerpg:bedrock_leggings": 399,
    "divinerpg:blue_ender_leggings": 501,
    "divinerpg:blue_rupee_leggings": 537,
    "divinerpg:corrupted_leggings": 457,
    "divinerpg:degraded_leggings": 672,
    "divinerpg:demonized_leggings": 479,
    "divinerpg:divine_leggings": 457,
    "divinerpg:eden_leggings": 561,
    "divinerpg:elite_realmite_leggings": 485,
    "divinerpg:ender_leggings": 501,
    "divinerpg:finished_leggings": 607,
    "divinerpg:frozen_leggings": 590,
    "divinerpg:glistening_leggings": 543,
    "divinerpg:gray_ender_leggings": 501,
    "divinerpg:gray_rupee_leggings": 537,
    "divinerpg:green_ender_leggings": 501,
    "divinerpg:green_rupee_leggings": 537,
    "divinerpg:halite_leggings": 429,
    "divinerpg:inferno_leggings": 678,
    "divinerpg:jack_o_man_leggings": 641,
    "divinerpg:jungle_leggings": 590,
    "divinerpg:korma_leggings": 501,
    "divinerpg:kraken_leggings": 629,
    "divinerpg:mortum_leggings": 476,
    "divinerpg:netherite_leggings": 535,
    "divinerpg:realmite_leggings": 676,
    "divinerpg:red_ender_leggings": 501,
    "divinerpg:red_rupee_leggings": 537,
    "divinerpg:rupee_leggings": 537,
    "divinerpg:santa_leggings": 723,
    "divinerpg:shadow_leggings": 613,
    "divinerpg:skeleman_leggings": 669,
    "divinerpg:skythern_leggings": 501,
    "divinerpg:terran_leggings": 590,
    "divinerpg:tormented_leggings": 415,
    "divinerpg:vemos_leggings": 598,
    "divinerpg:wildwood_leggings": 532,
    "divinerpg:wither_reaper_leggings": 532,
    "divinerpg:yellow_ender_leggings": 501,
    "divinerpg:yellow_rupee_leggings": 537,
    "draconicevolution:draconic_legs": 891,
    "draconicevolution:wyvern_legs": 897,
    "essentialcraft:computer_leggings": 1,
    "essentialcraft:legs_inq": 112,
    "essentialcraft:legs_magic": 550,
    "essentialcraft:legs_void": 328,
    "essentialcraft:legs_wind": 932,
    "essentialcraft:wind_leggings": 421,
    "extrabotany:combatmaidlegs": 334,
    "extrabotany:cosmeticmaidlegs": 758,
    "extrabotany:goblinslayerlegs": 672,
    "extrabotany:shadowwarriorlegs": 659,
    "extraplanets:blue_diamond_legings": 622,
    "extraplanets:blue_gem_legings": 437,
    "extraplanets:carbon_legings": 636,
    "extraplanets:crystal_legings": 489,
    "extraplanets:green_diamond_legings": 622,
    "extraplanets:magnesium_legings": 597,
    "extraplanets:mercury_legings": 758,
    "extraplanets:palladium_legings": 638,
    "extraplanets:purple_diamond_legings": 622,
    "extraplanets:red_diamond_legings": 622,
    "extraplanets:red_gem_legings": 622,
    "extraplanets:tier1_space_suit_legings": 526,
    "extraplanets:tier2_space_suit_legings": 526,
    "extraplanets:tier3_space_suit_legings": 526,
    "extraplanets:tier4_space_suit_legings": 526,
    "extraplanets:tungsten_legings": 383,
    "extraplanets:uranium_legings": 703,
    "extraplanets:white_gem_legings": 492,
    "extraplanets:yellow_diamond_legings": 622,
    "extraplanets:zinc_legings": 435,
    "forestry:apiarist_legs": 907,
    "galacticraftcore:steel_leggings": 599,
    "galacticraftplanets:desh_leggings": 452,
    "galacticraftplanets:titanium_leggings": 608,
    "immersiveengineering:faraday_suit_legs": 966,
    "immersiveengineering:steel_armor_legs": 705,
    "minecraft:chainmail_leggings": 844,
    "minecraft:diamond_leggings": 683,
    "minecraft:golden_leggings": 900,
    "minecraft:iron_leggings": 839,
    "minecraft:leather_leggings": 932,
    "moreplanets:diremsium_leggings": 347,
    "moreplanets:illenium_leggings": 461,
    "moreplanets:multalic_crystal_leggings": 459,
    "mysticalagriculture:inferium_leggings": 724,
    "mysticalagriculture:intermedium_leggings": 41,
    "mysticalagriculture:prudentium_leggings": 495,
    "mysticalagriculture:superium_leggings": 1,
    "mysticalagriculture:supremium_leggings": 1,
    "mysticalworld:copper_leggings": 778,
    "mysticalworld:silver_leggings": 663,
    "natura:imp_armor_leggings": 602,
    "naturesaura:infused_iron_pants": 728,
    "nethercraft:imp_leggings": 907,
    "nethercraft:neridium_leggings": 839,
    "nethercraft:w_obsidian_leggings": 683,
    "netherex:black_salamander_hide_leggings": 827,
    "netherex:orange_salamander_hide_leggings": 827,
    "netherex:wither_bone_leggings": 861,
    "pneumaticcraft:pneumatic_leggings": 680,
    "primal:armor_obsidian_legs": 650,
    "primal:armor_ovis_legs": 774,
    "primal:armor_wolf_legs": 774,
    "projecte:item.pe_dm_armor_1": 596,
    "projecte:item.pe_gem_armor_1": 596,
    "projecte:item.pe_rm_armor_1": 596,
    "redstonearsenal:armor.legs_flux": 1,
    "roots:sylvan_leggings": 803,
    "roots:wildwood_leggings": 706,
    "survivalist:tanned_leggings": 831,
    "techreborn:bronzeleggings": 754,
    "techreborn:peridotleggings": 746,
    "techreborn:rubyleggings": 763,
    "techreborn:sapphireleggings": 732,
    "thaumadditions:adaminite_belt": 853,
    "thaumadditions:mithminite_belt": 786,
    "thaumcraft:cloth_legs": 680,
    "thaumcraft:crimson_plate_legs": 742,
    "thaumcraft:crimson_praetor_legs": 591,
    "thaumcraft:crimson_robe_legs": 759,
    "thaumcraft:fortress_legs": 477,
    "thaumcraft:thaumium_legs": 653,
    "thaumcraft:void_legs": 815,
    "thaumcraft:void_robe_legs": 715,
    "thebetweenlands:ancient_leggings": 553,
    "thebetweenlands:bone_leggings": 898,
    "thebetweenlands:lurker_skin_leggings": 846,
    "thebetweenlands:syrmorite_leggings": 776,
    "thebetweenlands:valonite_leggings": 553,
    "thermalfoundation:armor.legs_aluminum": 822,
    "thermalfoundation:armor.legs_bronze": 741,
    "thermalfoundation:armor.legs_constantan": 807,
    "thermalfoundation:armor.legs_copper": 857,
    "thermalfoundation:armor.legs_electrum": 843,
    "thermalfoundation:armor.legs_invar": 707,
    "thermalfoundation:armor.legs_lead": 814,
    "thermalfoundation:armor.legs_nickel": 773,
    "thermalfoundation:armor.legs_platinum": 537,
    "thermalfoundation:armor.legs_silver": 852,
    "thermalfoundation:armor.legs_steel": 698,
    "thermalfoundation:armor.legs_tin": 874,
    "totemic:jingle_dress": 1,
    "tp:flint_leggings": 833,
    "twilightforest:arctic_leggings": 830,
    "twilightforest:fiery_leggings": 639,
    "twilightforest:ironwood_leggings": 715,
    "twilightforest:knightmetal_leggings": 708,
    "twilightforest:naga_leggings": 697,
    "twilightforest:steeleaf_leggings": 816,
    "twilightforest:yeti_leggings": 702
  },
  "CHEST": {
    "aoa3:alacrity_chestplate": 312,
    "aoa3:alchemy_chestplate": 197,
    "aoa3:amethind_chestplate": 652,
    "aoa3:anima_chestplate": 197,
    "aoa3:archaic_chestplate": 175,
    "aoa3:augury_chestplate": 197,
    "aoa3:baron_chestplate": 1,
    "aoa3:battleborn_chestplate": 197,
    "aoa3:biogenic_chestplate": 510,
    "aoa3:boreic_chestplate": 229,
    "aoa3:butchery_chestplate": 197,
    "aoa3:candy_chestplate": 269,
    "aoa3:commander_chestplate": 229,
    "aoa3:creation_chestplate": 197,
    "aoa3:crystallis_chestplate": 301,
    "aoa3:elecanyte_chestplate": 219,
    "aoa3:embrodium_chestplate": 428,
    "aoa3:engineering_chestplate": 197,
    "aoa3:exoplate_chestplate": 417,
    "aoa3:expedition_chestplate": 197,
    "aoa3:explosive_chestplate": 392,
    "aoa3:extraction_chestplate": 197,
    "aoa3:foraging_chestplate": 197,
    "aoa3:fungal_chestplate": 367,
    "aoa3:ghastly_chestplate": 229,
    "aoa3:ghoulish_chestplate": 240,
    "aoa3:hauling_chestplate": 197,
    "aoa3:hazmat_chestplate": 614,
    "aoa3:hunter_chestplate": 197,
    "aoa3:hydrangic_chestplate": 323,
    "aoa3:hydroplate_chestplate": 186,
    "aoa3:ice_chestplate": 807,
    "aoa3:infernal_chestplate": 493,
    "aoa3:infusion_chestplate": 197,
    "aoa3:innervation_chestplate": 197,
    "aoa3:knight_chestplate": 142,
    "aoa3:logging_chestplate": 197,
    "aoa3:lunar_chestplate": 219,
    "aoa3:lyndamyte_chestplate": 543,
    "aoa3:lyonic_chestplate": 305,
    "aoa3:mercurial_chestplate": 460,
    "aoa3:necro_chestplate": 208,
    "aoa3:nethengeic_chestplate": 471,
    "aoa3:nightmare_chestplate": 219,
    "aoa3:omni_chestplate": 380,
    "aoa3:phantasm_chestplate": 356,
    "aoa3:poison_chestplate": 301,
    "aoa3:predatious_chestplate": 362,
    "aoa3:primordial_chestplate": 229,
    "aoa3:purity_chestplate": 247,
    "aoa3:rockbone_chestplate": 428,
    "aoa3:rosidian_chestplate": 312,
    "aoa3:runation_chestplate": 197,
    "aoa3:runic_chestplate": 172,
    "aoa3:sharpshot_chestplate": 323,
    "aoa3:skeletal_chestplate": 449,
    "aoa3:spaceking_chestplate": 229,
    "aoa3:speed_chestplate": 222,
    "aoa3:subterranean_chestplate": 406,
    "aoa3:utopian_chestplate": 380,
    "aoa3:void_chestplate": 652,
    "aoa3:weaken_chestplate": 439,
    "aoa3:wither_chestplate": 334,
    "aoa3:zargonite_chestplate": 208,
    "armortech:carbon_plate_chestplate": 869,
    "armortech:composite_chestplate": 602,
    "armortech:nano_chestplate": 789,
    "armortech:steel_chestplate": 707,
    "armortech:tungsten_chestplate": 565,
    "armortech:tungstensteel_chestplate": 477,
    "botania:elementiumchest": 737,
    "botania:manasteelchest": 758,
    "botania:manaweavechest": 908,
    "botania:terrasteelchest": 538,
    "divinerpg:angelic_chestplate": 726,
    "divinerpg:apalachia_chestplate": 504,
    "divinerpg:aquastrive_chestplate": 604,
    "divinerpg:arlemite_chestplate": 593,
    "divinerpg:awakened_halite_chestplate": 429,
    "divinerpg:bedrock_chestplate": 399,
    "divinerpg:blue_ender_chestplate": 501,
    "divinerpg:blue_rupee_chestplate": 537,
    "divinerpg:corrupted_chestplate": 457,
    "divinerpg:degraded_chestplate": 672,
    "divinerpg:demonized_chestplate": 479,
    "divinerpg:divine_chestplate": 457,
    "divinerpg:eden_chestplate": 561,
    "divinerpg:elite_realmite_chestplate": 485,
    "divinerpg:ender_chestplate": 501,
    "divinerpg:finished_chestplate": 607,
    "divinerpg:frozen_chestplate": 590,
    "divinerpg:glistening_chestplate": 543,
    "divinerpg:gray_ender_chestplate": 501,
    "divinerpg:gray_rupee_chestplate": 537,
    "divinerpg:green_ender_chestplate": 501,
    "divinerpg:green_rupee_chestplate": 537,
    "divinerpg:halite_chestplate": 429,
    "divinerpg:inferno_chestplate": 678,
    "divinerpg:jack_o_man_chestplate": 641,
    "divinerpg:jungle_chestplate": 590,
    "divinerpg:korma_chestplate": 501,
    "divinerpg:kraken_chestplate": 629,
    "divinerpg:mortum_chestplate": 476,
    "divinerpg:netherite_chestplate": 535,
    "divinerpg:realmite_chestplate": 676,
    "divinerpg:red_ender_chestplate": 501,
    "divinerpg:red_rupee_chestplate": 537,
    "divinerpg:rupee_chestplate": 537,
    "divinerpg:santa_chestplate": 723,
    "divinerpg:shadow_chestplate": 613,
    "divinerpg:skeleman_chestplate": 669,
    "divinerpg:skythern_chestplate": 501,
    "divinerpg:terran_chestplate": 590,
    "divinerpg:tormented_chestplate": 415,
    "divinerpg:vemos_chestplate": 598,
    "divinerpg:wildwood_chestplate": 532,
    "divinerpg:wither_reaper_chestplate": 532,
    "divinerpg:yellow_ender_chestplate": 501,
    "divinerpg:yellow_rupee_chestplate": 537,
    "draconicevolution:draconic_chest": 891,
    "draconicevolution:wyvern_chest": 897,
    "essentialcraft:chest_inq": 112,
    "essentialcraft:chest_magic": 550,
    "essentialcraft:chest_void": 328,
    "essentialcraft:chest_wind": 932,
    "essentialcraft:computer_chestplate": 1,
    "essentialcraft:wind_chestplate": 421,
    "extrabotany:combatmaidchest": 334,
    "extrabotany:combatmaidchestdarkened": 334,
    "extrabotany:cosmeticmaidchest": 758,
    "extrabotany:goblinslayerchest": 672,
    "extrabotany:shadowwarriorchest": 659,
    "extraplanets:blue_diamond_chest": 622,
    "extraplanets:blue_gem_chest": 437,
    "extraplanets:carbon_chest": 636,
    "extraplanets:crystal_chest": 489,
    "extraplanets:green_diamond_chest": 622,
    "extraplanets:magnesium_chest": 597,
    "extraplanets:mercury_chest": 758,
    "extraplanets:palladium_chest": 638,
    "extraplanets:purple_diamond_chest": 622,
    "extraplanets:red_diamond_chest": 622,
    "extraplanets:red_gem_chest": 622,
    "extraplanets:tier1_space_suit_chest": 526,
    "extraplanets:tier1_space_suit_jetpack_chest": 526,
    "extraplanets:tier2_space_suit_chest": 526,
    "extraplanets:tier2_space_suit_jetpack_chest": 526,
    "extraplanets:tier3_space_suit_chest": 526,
    "extraplanets:tier3_space_suit_jetpack_chest": 526,
    "extraplanets:tier4_space_suit_chest": 526,
    "extraplanets:tier4_space_suit_jetpack_chest": 526,
    "extraplanets:tungsten_chest": 383,
    "extraplanets:uranium_chest": 703,
    "extraplanets:white_gem_chest": 492,
    "extraplanets:yellow_diamond_chest": 622,
    "extraplanets:zinc_chest": 435,
    "forestry:apiarist_chest": 907,
    "galacticraftcore:steel_chestplate": 599,
    "galacticraftplanets:desh_chestplate": 452,
    "galacticraftplanets:titanium_chestplate": 608,
    "immersiveengineering:faraday_suit_chest": 966,
    "immersiveengineering:powerpack": 914,
    "immersiveengineering:steel_armor_chest": 705,
    "mekanism:armoredjetpack": 1000,
    "mekanism:jetpack": 1000,
    "mekanism:scubatank": 1000,
    "minecraft:chainmail_chestplate": 844,
    "minecraft:diamond_chestplate": 683,
    "minecraft:golden_chestplate": 900,
    "minecraft:iron_chestplate": 839,
    "minecraft:leather_chestplate": 932,
    "moreplanets:diremsium_chestplate": 347,
    "moreplanets:illenium_chestplate": 461,
    "moreplanets:multalic_crystal_chestplate": 459,
    "mysticalagriculture:inferium_chestplate": 724,
    "mysticalagriculture:intermedium_chestplate": 41,
    "mysticalagriculture:prudentium_chestplate": 495,
    "mysticalagriculture:superium_chestplate": 1,
    "mysticalagriculture:supremium_chestplate": 1,
    "mysticalworld:copper_chestplate": 778,
    "mysticalworld:silver_chestplate": 663,
    "natura:imp_armor_chestplate": 602,
    "naturesaura:infused_iron_chest": 728,
    "nethercraft:imp_chestplate": 907,
    "nethercraft:neridium_chestplate": 839,
    "nethercraft:w_obsidian_chestplate": 683,
    "netherex:black_salamander_hide_chestplate": 827,
    "netherex:orange_salamander_hide_chestplate": 827,
    "netherex:wither_bone_chestplate": 861,
    "pneumaticcraft:pneumatic_chestplate": 680,
    "primal:armor_obsidian_body": 650,
    "primal:armor_ovis_body": 774,
    "primal:armor_wolf_body": 774,
    "projecte:item.pe_dm_armor_2": 596,
    "projecte:item.pe_gem_armor_2": 596,
    "projecte:item.pe_rm_armor_2": 596,
    "redstonearsenal:armor.plate_flux": 1,
    "roots:sylvan_chestplate": 803,
    "roots:wildwood_chestplate": 706,
    "simplyjetpacks:itemfluxpack": 794,
    "simplyjetpacks:itemjetpack": 1000,
    "survivalist:tanned_chestplate": 831,
    "tconstruct:piggybackpack": 1000,
    "techreborn:bronzechestplate": 754,
    "techreborn:cloakingdevice": 922,
    "techreborn:lapotronpack": 683,
    "techreborn:lithiumbatpack": 683,
    "techreborn:peridotchestplate": 746,
    "techreborn:rubychestplate": 763,
    "techreborn:sapphirechestplate": 732,
    "thaumadditions:adaminite_robe": 853,
    "thaumadditions:mithminite_robe": 786,
    "thaumcraft:cloth_chest": 680,
    "thaumcraft:crimson_plate_chest": 742,
    "thaumcraft:crimson_praetor_chest": 591,
    "thaumcraft:crimson_robe_chest": 759,
    "thaumcraft:fortress_chest": 477,
    "thaumcraft:thaumium_chest": 653,
    "thaumcraft:void_chest": 815,
    "thaumcraft:void_robe_chest": 715,
    "thebetweenlands:ancient_chestplate": 553,
    "thebetweenlands:bone_chestplate": 898,
    "thebetweenlands:lurker_skin_chestplate": 846,
    "thebetweenlands:syrmorite_chestplate": 776,
    "thebetweenlands:valonite_chestplate": 553,
    "thermalfoundation:armor.plate_aluminum": 822,
    "thermalfoundation:armor.plate_bronze": 741,
    "thermalfoundation:armor.plate_constantan": 807,
    "thermalfoundation:armor.plate_copper": 857,
    "thermalfoundation:armor.plate_electrum": 843,
    "thermalfoundation:armor.plate_invar": 707,
    "thermalfoundation:armor.plate_lead": 814,
    "thermalfoundation:armor.plate_nickel": 773,
    "thermalfoundation:armor.plate_platinum": 537,
    "thermalfoundation:armor.plate_silver": 852,
    "thermalfoundation:armor.plate_steel": 698,
    "thermalfoundation:armor.plate_tin": 874,
    "tp:flint_chestplate": 833,
    "twilightforest:arctic_chestplate": 830,
    "twilightforest:fiery_chestplate": 639,
    "twilightforest:ironwood_chestplate": 715,
    "twilightforest:knightmetal_chestplate": 708,
    "twilightforest:naga_chestplate": 697,
    "twilightforest:phantom_chestplate": 600,
    "twilightforest:steeleaf_chestplate": 816,
    "twilightforest:yeti_chestplate": 702
  },
  "HEAD": {
    "aoa3:achelos_helmet": 489,
    "aoa3:alacrity_helmet": 312,
    "aoa3:alchemy_helmet": 197,
    "aoa3:amethind_helmet": 652,
    "aoa3:anima_helmet": 197,
    "aoa3:archaic_helmet": 175,
    "aoa3:augury_helmet": 197,
    "aoa3:baron_helmet": 1,
    "aoa3:battleborn_helmet": 197,
    "aoa3:biogenic_helmet": 510,
    "aoa3:boreic_helmet": 229,
    "aoa3:butchery_helmet": 197,
    "aoa3:candy_helmet": 269,
    "aoa3:commander_helmet": 229,
    "aoa3:creation_helmet": 197,
    "aoa3:crystallis_helmet": 301,
    "aoa3:elecanyte_helmet": 219,
    "aoa3:embrodium_helmet": 428,
    "aoa3:engineering_helmet": 197,
    "aoa3:exoplate_helmet": 417,
    "aoa3:expedition_helmet": 197,
    "aoa3:explosive_helmet": 392,
    "aoa3:extraction_helmet": 197,
    "aoa3:face_mask": 519,
    "aoa3:foraging_helmet": 197,
    "aoa3:fungal_helmet": 367,
    "aoa3:ghastly_helmet": 229,
    "aoa3:ghoulish_helmet": 240,
    "aoa3:hauling_helmet": 197,
    "aoa3:hazmat_helmet": 614,
    "aoa3:hunter_helmet": 197,
    "aoa3:hydrangic_helmet": 323,
    "aoa3:hydroplate_helmet": 186,
    "aoa3:ice_helmet": 807,
    "aoa3:infernal_helmet": 493,
    "aoa3:infusion_helmet": 197,
    "aoa3:innervation_helmet": 197,
    "aoa3:knight_helmet": 142,
    "aoa3:logging_helmet": 197,
    "aoa3:lunar_helmet": 219,
    "aoa3:lyndamyte_helmet": 543,
    "aoa3:lyonic_helmet": 305,
    "aoa3:mercurial_helmet": 460,
    "aoa3:necro_helmet": 208,
    "aoa3:nethengeic_helmet": 471,
    "aoa3:night_vision_goggles": 669,
    "aoa3:nightmare_helmet": 219,
    "aoa3:oceanus_helmet": 489,
    "aoa3:omni_helmet": 380,
    "aoa3:phantasm_helmet": 356,
    "aoa3:poison_helmet": 301,
    "aoa3:predatious_helmet": 362,
    "aoa3:primordial_helmet": 229,
    "aoa3:purity_helmet": 247,
    "aoa3:rockbone_helmet": 428,
    "aoa3:rosidian_helmet": 312,
    "aoa3:runation_helmet": 197,
    "aoa3:runic_helmet": 172,
    "aoa3:sealord_helmet": 251,
    "aoa3:sharpshot_helmet": 323,
    "aoa3:skeletal_helmet": 449,
    "aoa3:spaceking_helmet": 229,
    "aoa3:speed_helmet": 222,
    "aoa3:subterranean_helmet": 406,
    "aoa3:utopian_helmet": 380,
    "aoa3:void_helmet": 652,
    "aoa3:weaken_helmet": 439,
    "aoa3:wither_helmet": 334,
    "aoa3:zargonite_helmet": 208,
    "armortech:carbon_plate_helmet": 869,
    "armortech:composite_helmet": 602,
    "armortech:nano_helmet": 789,
    "armortech:night_vision_goggles": 789,
    "armortech:steel_helmet": 707,
    "armortech:tungsten_helmet": 565,
    "armortech:tungstensteel_helmet": 477,
    "botania:elementiumhelm": 737,
    "botania:elementiumhelmreveal": 737,
    "botania:manasteelhelm": 758,
    "botania:manasteelhelmreveal": 758,
    "botania:manaweavehelm": 908,
    "botania:terrasteelhelm": 538,
    "botania:terrasteelhelmreveal": 538,
    "divinerpg:angelic_helmet": 726,
    "divinerpg:apalachia_helmet": 504,
    "divinerpg:aquastrive_helmet": 604,
    "divinerpg:arlemite_helmet": 593,
    "divinerpg:awakened_halite_helmet": 429,
    "divinerpg:bedrock_helmet": 399,
    "divinerpg:blue_ender_helmet": 501,
    "divinerpg:blue_rupee_helmet": 537,
    "divinerpg:corrupted_helmet": 457,
    "divinerpg:degraded_helmet": 672,
    "divinerpg:degraded_hood": 672,
    "divinerpg:degraded_mask": 672,
    "divinerpg:demonized_helmet": 479,
    "divinerpg:demonized_hood": 479,
    "divinerpg:demonized_mask": 479,
    "divinerpg:divine_helmet": 457,
    "divinerpg:eden_helmet": 561,
    "divinerpg:elite_realmite_helmet": 485,
    "divinerpg:ender_helmet": 501,
    "divinerpg:finished_helmet": 607,
    "divinerpg:finished_hood": 607,
    "divinerpg:finished_mask": 607,
    "divinerpg:frozen_helmet": 590,
    "divinerpg:glistening_helmet": 543,
    "divinerpg:glistening_hood": 543,
    "divinerpg:glistening_mask": 543,
    "divinerpg:gray_ender_helmet": 501,
    "divinerpg:gray_rupee_helmet": 537,
    "divinerpg:green_ender_helmet": 501,
    "divinerpg:green_rupee_helmet": 537,
    "divinerpg:halite_helmet": 429,
    "divinerpg:inferno_helmet": 678,
    "divinerpg:jack_o_man_helmet": 641,
    "divinerpg:jungle_helmet": 590,
    "divinerpg:korma_helmet": 501,
    "divinerpg:kraken_helmet": 629,
    "divinerpg:mortum_helmet": 476,
    "divinerpg:netherite_helmet": 535,
    "divinerpg:realmite_helmet": 676,
    "divinerpg:red_ender_helmet": 501,
    "divinerpg:red_rupee_helmet": 537,
    "divinerpg:rupee_helmet": 537,
    "divinerpg:santa_helmet": 723,
    "divinerpg:shadow_helmet": 613,
    "divinerpg:skeleman_helmet": 669,
    "divinerpg:skythern_helmet": 501,
    "divinerpg:terran_helmet": 590,
    "divinerpg:tormented_helmet": 415,
    "divinerpg:tormented_hood": 415,
    "divinerpg:tormented_mask": 415,
    "divinerpg:vemos_helmet": 598,
    "divinerpg:wildwood_helmet": 532,
    "divinerpg:wither_reaper_helmet": 532,
    "divinerpg:yellow_ender_helmet": 501,
    "divinerpg:yellow_rupee_helmet": 537,
    "draconicevolution:draconic_helm": 891,
    "draconicevolution:wyvern_helm": 897,
    "essentialcraft:computer_helmet": 1,
    "essentialcraft:helm_inq": 112,
    "essentialcraft:helm_magic": 550,
    "essentialcraft:helm_void": 328,
    "essentialcraft:helm_wind": 932,
    "essentialcraft:wind_helmet": 421,
    "extrabotany:combatmaidhelm": 334,
    "extrabotany:combatmaidhelmrevealing": 334,
    "extrabotany:cosmeticmaidhelm": 758,
    "extrabotany:cosmeticmaidhelmrevealing": 758,
    "extrabotany:goblinslayerhelm": 672,
    "extrabotany:shadowwarriorhelm": 659,
    "extraplanets:blue_diamond_helmet": 622,
    "extraplanets:blue_gem_helmet": 437,
    "extraplanets:carbon_helmet": 636,
    "extraplanets:crystal_helmet": 489,
    "extraplanets:green_diamond_helmet": 622,
    "extraplanets:magnesium_helmet": 597,
    "extraplanets:mercury_helmet": 758,
    "extraplanets:palladium_helmet": 638,
    "extraplanets:purple_diamond_helmet": 622,
    "extraplanets:red_diamond_helmet": 622,
    "extraplanets:red_gem_helmet": 622,
    "extraplanets:tier1_space_suit_helmet": 526,
    "extraplanets:tier2_space_suit_helmet": 526,
    "extraplanets:tier3_space_suit_helmet": 526,
    "extraplanets:tier4_space_suit_helmet": 526,
    "extraplanets:tungsten_helmet": 383,
    "extraplanets:uranium_helmet": 703,
    "extraplanets:white_gem_helmet": 492,
    "extraplanets:yellow_diamond_helmet": 622,
    "extraplanets:zinc_helmet": 435,
    "forestry:apiarist_helmet": 907,
    "forestry:naturalist_helmet": 932,
    "galacticraftcore:sensor_glasses": 1,
    "galacticraftcore:steel_helmet": 599,
    "galacticraftplanets:desh_helmet": 452,
    "galacticraftplanets:titanium_helmet": 608,
    "immersiveengineering:earmuffs": 932,
    "immersiveengineering:faraday_suit_head": 966,
    "immersiveengineering:steel_armor_head": 705,
    "mekanism:gasmask": 1000,
    "minecraft:chainmail_helmet": 844,
    "minecraft:diamond_helmet": 683,
    "minecraft:golden_helmet": 900,
    "minecraft:iron_helmet": 839,
    "minecraft:leather_helmet": 932,
    "moreplanets:breathable_diremsium_helmet": 347,
    "moreplanets:breathable_illenium_helmet": 461,
    "moreplanets:breathable_multalic_crystal_helmet": 459,
    "moreplanets:diremsium_helmet": 347,
    "moreplanets:illenium_helmet": 461,
    "moreplanets:multalic_crystal_helmet": 459,
    "mysticalagriculture:inferium_helmet": 724,
    "mysticalagriculture:intermedium_helmet": 41,
    "mysticalagriculture:prudentium_helmet": 495,
    "mysticalagriculture:superium_helmet": 1,
    "mysticalagriculture:supremium_helmet": 1,
    "mysticalworld:antler_hat": 813,
    "mysticalworld:beetle_mask": 813,
    "mysticalworld:copper_helmet": 778,
    "mysticalworld:silver_helmet": 663,
    "natura:imp_armor_helmet": 602,
    "naturesaura:infused_iron_helmet": 728,
    "nethercraft:imp_helmet": 907,
    "nethercraft:neridium_helmet": 839,
    "nethercraft:w_obsidian_helmet": 683,
    "netherex:black_salamander_hide_helmet": 827,
    "netherex:orange_salamander_hide_helmet": 827,
    "netherex:wither_bone_helmet": 861,
    "pneumaticcraft:pneumatic_helmet": 680,
    "primal:armor_obsidian_goggles": 45,
    "primal:armor_obsidian_head": 650,
    "primal:armor_ovis_head": 774,
    "primal:armor_wolf_head": 774,
    "projecte:item.pe_dm_armor_3": 596,
    "projecte:item.pe_gem_armor_3": 596,
    "projecte:item.pe_rm_armor_3": 596,
    "redstonearsenal:armor.helmet_flux": 1,
    "roots:sylvan_helmet": 803,
    "roots:wildwood_helmet": 706,
    "survivalist:tanned_helmet": 831,
    "techreborn:bronzehelmet": 754,
    "techreborn:peridothelmet": 746,
    "techreborn:rubyhelmet": 763,
    "techreborn:sapphirehelmet": 732,
    "thaumadditions:adaminite_hood": 853,
    "thaumadditions:mithminite_hood": 786,
    "thaumcraft:crimson_plate_helm": 742,
    "thaumcraft:crimson_praetor_helm": 591,
    "thaumcraft:crimson_robe_helm": 759,
    "thaumcraft:fortress_helm": 477,
    "thaumcraft:goggles": 680,
    "thaumcraft:thaumium_helm": 653,
    "thaumcraft:void_helm": 815,
    "thaumcraft:void_robe_helm": 715,
    "thebetweenlands:ancient_helmet": 553,
    "thebetweenlands:bone_helmet": 898,
    "thebetweenlands:explorers_hat": 846,
    "thebetweenlands:lurker_skin_helmet": 846,
    "thebetweenlands:skull_mask": 898,
    "thebetweenlands:spirit_tree_face_large_mask": 870,
    "thebetweenlands:spirit_tree_face_small_mask": 870,
    "thebetweenlands:syrmorite_helmet": 776,
    "thebetweenlands:valonite_helmet": 553,
    "thermalfoundation:armor.helmet_aluminum": 822,
    "thermalfoundation:armor.helmet_bronze": 741,
    "thermalfoundation:armor.helmet_constantan": 807,
    "thermalfoundation:armor.helmet_copper": 857,
    "thermalfoundation:armor.helmet_electrum": 843,
    "thermalfoundation:armor.helmet_invar": 707,
    "thermalfoundation:armor.helmet_lead": 814,
    "thermalfoundation:armor.helmet_nickel": 773,
    "thermalfoundation:armor.helmet_platinum": 537,
    "thermalfoundation:armor.helmet_silver": 852,
    "thermalfoundation:armor.helmet_steel": 698,
    "thermalfoundation:armor.helmet_tin": 874,
    "tp:flint_helmet": 833,
    "twilightforest:arctic_helmet": 830,
    "twilightforest:fiery_helmet": 639,
    "twilightforest:ironwood_helmet": 715,
    "twilightforest:knightmetal_helmet": 708,
    "twilightforest:phantom_helmet": 600,
    "twilightforest:steeleaf_helmet": 816,
    "twilightforest:yeti_helmet": 702
  }
}