{
  "entries": [
    {
      "item": "aoa3:baronyte_ingot|0",
      "emc": 2048
    },
    {
      "item": "aoa3:emberstone_ingot|0",
      "emc": 256
    },
    {
      "item": "aoa3:ghastly_ingot|0",
      "emc": 256
    },
    {
      "item": "aoa3:ghoulish_ingot|0",
      "emc": 256
    },
    {
      "item": "aoa3:elecanium_ingot|0",
      "emc": 256
    },
    {
      "item": "aoa3:blazium_ingot|0",
      "emc": 256
    },
    {
      "item": "aoa3:varsium_ingot|0",
      "emc": 256
    },
    {
      "item": "aoa3:skeletal_ingot|0",
      "emc": 2048
    },
    {
      "item": "aoa3:shyrestone_ingot|0",
      "emc": 2048
    },
    {
      "item": "aoa3:rusted_iron_ingot|0",
      "emc": 2048
    },
    {
      "item": "aoa3:rosite_ingot|0",
      "emc": 2048
    },
    {
      "item": "aoa3:mystite_ingot|0",
      "emc": 2048
    },
    {
      "item": "aoa3:lyon_ingot|0",
      "emc": 2048
    },
    {
      "item": "aoa3:lunar_ingot|0",
      "emc": 2048
    },
    {
      "item": "aoa3:limonite_ingot|0",
      "emc": 2048
    },
    {
      "item": "thermalfoundation:material|164",
      "emc": 1520
    },
    {
      "item": "botania:manaresource|0",
      "emc": 2048
    },
    {
      "item": "botania:manaresource|1",
      "emc": 2048
    },
    {
      "item": "twilightforest:knightmetal_ingot|0",
      "emc": 4096
    },
    {
      "item": "botania:manaresource|23",
      "emc": 128
    },
    {
      "item": "botania:manaresource|2",
      "emc": 8192
    },
    {
      "item": "botania:manaresource|4",
      "emc": 10256
    },
    {
      "item": "botania:manaresource|14",
      "emc": 20226
    },
    {
      "item": "extrabotany:material|1",
      "emc": 50256
    },
    {
      "item": "contenttweaker:mauftriumingot|0",
      "emc": 30000
    },
    {
      "item": "contenttweaker:nifelheimingot|0",
      "emc": 10000
    },
    {
      "item": "contenttweaker:muspelheimingot|0",
      "emc": 10000
    },
    {
      "item": "draconicevolution:draconium_dust|0",
      "emc": 5000
    },
    {
      "item": "draconicevolution:draconium_ingot|0",
      "emc": 7000
    },
    {
      "item": "draconicevolution:draconic_ingot|0",
      "emc": 25000
    },
    {
      "item": "draconicevolution:draconium_block|1",
      "emc": 75000
    },
    {
      "item": "thermalfoundation:material|167",
      "emc": 10400
    },
    {
      "item": "galacticraftcore:item_basic_moon|2",
      "emc": 10000
    },
    {
      "item": "contenttweaker:plutonium|0",
      "emc": 30000
    },
    {
      "item": "naturesaura:sky_ingot|0",
      "emc": 8192
    },
    {
      "item": "moreplates:manasteel_plate|0",
      "emc": 2048
    },
    {
      "item": "techreborn:dynamiccell|0",
      "emc": 16094
    },
    {
      "item": "contenttweaker:wyverncore|0",
      "emc": 11890096
    },
    {
      "item": "tconstruct:edible|1",
      "emc": 128
    },
    {
      "item": "tconstruct:materials|10",
      "emc": 512
    },
    {
      "item": "draconicevolution:draconic_core|0",
      "emc": 12032432
    },
    {
      "item": "divinerpg:wildwood_soul|0",
      "emc": 4096
    },
    {
      "item": "thermalfoundation:material|1024",
      "emc": 6000
    },
    {
      "item": "thermalfoundation:material|1025",
      "emc": 8000
    },
    {
      "item": "thermalfoundation:material|1027",
      "emc": 8000
    },
    {
      "item": "thermalfoundation:material|1026",
      "emc": 8000
    },
    {
      "item": "minecraft:ender_eye|0",
      "emc": 8000
    },
    {
      "item": "extendedcrafting:material|40",
      "emc": 171000
    },
    {
      "item": "thermalfoundation:material|327",
      "emc": 8000
    },
    {
      "item": "thermalfoundation:material|135",
      "emc": 8000
    },
    {
      "item": "essentialcraft:genitem|55",
      "emc": 6000
    },
    {
      "item": "thermalfoundation:material|160",
      "emc": 1024
    },
    {
      "item": "techreborn:ingot|21",
      "emc": 3126
    },
    {
      "item": "techreborn:plates|36",
      "emc": 3126
    },
    {
      "item": "techreborn:ingot|22",
      "emc": 48000
    },
    {
      "item": "techreborn:plates|38",
      "emc": 48000
    },
    {
      "item": "thaumcraft:crystal_essence|0",
      "emc": 4096
    },
    {
      "item": "moreplates:draconium_plate|0",
      "emc": 7000
    },
    {
      "item": "draconicevolution:wyvern_core|0",
      "emc": 49094496
    },
    {
      "item": "taiga:dyonite_ingot|0",
      "emc": 30000
    },
    {
      "item": "moreplates:awakened_draconium_gear|0",
      "emc": 100000
    },
    {
      "item": "draconicevolution:awakened_core|0",
      "emc": 196958984
    },
    {
      "item": "draconicevolution:chaos_shard|0",
      "emc": 2000000
    },
    {
      "item": "draconicevolution:chaotic_core|0",
      "emc": 789935936
    },
    {
      "item": "techreborn:plates|10",
      "emc": 800
    },
    {
      "item": "techreborn:part|2",
      "emc": 120000
    },
    {
      "item": "techreborn:part|30",
      "emc": 16000
    },
    {
      "item": "techreborn:ingot|15",
      "emc": 30000
    },
    {
      "item": "techreborn:lapotroncrystal|0",
      "emc": 639704
    },
    {
      "item": "essentialcraft:genitem|50",
      "emc": 2048
    },
    {
      "item": "mekanism:controlcircuit|0",
      "emc": 2048
    },
    {
      "item": "mekanism:enrichedalloy|0",
      "emc": 2048
    },
    {
      "item": "pneumaticcraft:ingot_iron_compressed|0",
      "emc": 256
    },
    {
      "item": "pneumaticcraft:plastic|2",
      "emc": 1024
    },
    {
      "item": "pneumaticcraft:empty_pcb|100",
      "emc": 1264
    },
    {
      "item": "pneumaticcraft:unassembled_pcb|0",
      "emc": 2048
    },
    {
      "item": "pneumaticcraft:printed_circuit_board|0",
      "emc": 3620
    },
    {
      "item": "mekanism:controlcircuit|1",
      "emc": 20624
    },
    {
      "item": "mekanism:reinforcedalloy|0",
      "emc": 3620
    },
    {
      "item": "mekanism:ingot|0",
      "emc": 4096
    },
    {
      "item": "mekanism:ingot|3",
      "emc": 4096
    },
    {
      "item": "mekanism:atomicalloy|0",
      "emc": 19944
    },
    {
      "item": "techreborn:upgrades|0",
      "emc": 98240
    },
    {
      "item": "contenttweaker:electrotine|0",
      "emc": 1024
    },
    {
      "item": "appliedenergistics2:material|24",
      "emc": 30240
    },
    {
      "item": "botania:autocraftinghalo|0",
      "emc": 10000
    },
    {
      "item": "appliedenergistics2:part|380",
      "emc": 250000
    },
    {
      "item": "appliedenergistics2:part|360",
      "emc": 512000
    },
    {
      "item": "appliedenergistics2:material|12",
      "emc": 512
    },
    {
      "item": "moreplates:fluix_plate|0",
      "emc": 512
    },
    {
      "item": "appliedenergistics2:part|16",
      "emc": 537
    },
    {
      "item": "mekanism:biofuel|0",
      "emc": 128
    },
    {
      "item": "mekanism:substrate|0",
      "emc": 1024
    },
    {
      "item": "mekanism:polyethene|0",
      "emc": 4096
    },
    {
      "item": "techreborn:part|17",
      "emc": 129669
    },
    {
      "item": "aoa3:runium_chunk|0",
      "emc": 1024
    },
    {
      "item": "moreplanets:diona_item|1",
      "emc": 42034
    },
    {
      "item": "aoa3:enchanted_gunpowder|0",
      "emc": 50000
    },
    {
      "item": "thaumadditions:disenchant_fabric|0",
      "emc": 1024
    },
    {
      "item": "techreborn:part|39",
      "emc": 154812
    },
    {
      "item": "essentialcraft:genitem|0",
      "emc": 16234
    },
    {
      "item": "techreborn:machine_frame|0",
      "emc": 52034
    },
    {
      "item": "twilightforest:fiery_ingot|0",
      "emc": 4096
    },
    {
      "item": "techreborn:machine_frame|1",
      "emc": 72454
    },
    {
      "item": "mekanism:basicblock|8",
      "emc": 80345
    },
    {
      "item": "techreborn:ingot|14",
      "emc": 4096
    },
    {
      "item": "techreborn:machine_frame|2",
      "emc": 1822054
    },
    {
      "item": "modularmachinery:itemmodularium|0",
      "emc": 12445
    },
    {
      "item": "essentialcraft:genitem|52",
      "emc": 50344
    }
  ]
}