{
  "Discord APP ID": "792416193935572992",
  "Rich Presence Profiles": {
    "default": {
      "Activation Event": "JUST_STARTED",
      "Game State": "Начало Загрузки",
      "Details": "идёт инициализация модов.",
      "Start Time Delay": 0,
      "Big Image Key": "logo",
      "Big Image Hover Text": "MasterTech - Техно-магическая РПГ сборка с квестами и изменёнными крафтами.",
      "Small Image Key": "logo1",
      "Small Image Hover Text": "Создатели Сборки: \n LGame Studio"
    },
    "preInit": {
      "Activation Event": "PRE_INIT",
      "Game State": "Пре-инициализация.",
      "Details": "Это только начало...",
      "Start Time Delay": 0,
      "Big Image Key": "logo",
      "Big Image Hover Text": "MasterTech - Техно-магическая РПГ сборка с квестами и изменёнными крафтами.",
      "Small Image Key": "logo1",
      "Small Image Hover Text": "Создатели Сборки: \n LGame Studio"
    },
    "init": {
      "Activation Event": "INIT",
      "Game State": "инициализация.",
      "Details": "идёт загрузка...",
      "Start Time Delay": 0,
      "Big Image Key": "logo",
      "Big Image Hover Text": "MasterTech - Техно-магическая РПГ сборка с квестами и изменёнными крафтами.",
      "Small Image Key": "logo1",
      "Small Image Hover Text": "Создатели Сборки: \n LGame Studio"
    },
    "postInit": {
      "Activation Event": "POST_INIT",
      "Game State": "Пост-инициализация.",
      "Details": "Почти готово.",
      "Start Time Delay": 0,
      "Big Image Key": "logo",
      "Big Image Hover Text": "MasterTech - Техно-магическая РПГ сборка с квестами и изменёнными крафтами.",
      "Small Image Key": "logo1",
      "Small Image Hover Text": "Создатели Сборки: \n LGame Studio"
    },
    "mainMenu": {
      "Activation Event": "MAIN_MENU_REACHED",
      "Game State": "В главном меню.",
      "Details": "",
      "Start Time Delay": 0,
      "Big Image Key": "logo",
      "Big Image Hover Text": "MasterTech - Техно-магическая РПГ сборка с квестами и изменёнными крафтами.",
      "Small Image Key": "logo1",
      "Small Image Hover Text": "Создатели Сборки: \n LGame Studio"
    },
    "serverAboutToStart": {
      "Activation Event": "SERVER_ABOUT_TO_START",
      "Game State": "идёт загрузка мира",
      "Details": "Главное чтобы не вылетело)",
      "Start Time Delay": 0,
      "Big Image Key": "logo",
      "Big Image Hover Text": "MasterTech - Техно-магическая РПГ сборка с квестами и изменёнными крафтами.",
      "Small Image Key": "logo1",
      "Small Image Hover Text": "Создатели Сборки: \n LGame Studio"
    },
    "serverStarted": {
      "Activation Event": "SERVER_STARTED",
      "Game State": "В игре",
      "Details": "играет в одинойчной игре",
      "Start Time Delay": 0,
      "Big Image Key": "logo",
      "Big Image Hover Text": "MasterTech - Техно-магическая РПГ сборка с квестами и изменёнными крафтами.",
      "Small Image Key": "logo1",
      "Small Image Hover Text": "Создатели Сборки: \n LGame Studio"
    },
    "connectedToMultiplayerServer": {
      "Activation Event": "CONNECTED_TO_MULTIPLAYER_SERVER",
      "Game State": "Online",
      "Details": "играет в сетевой игре",
      "Start Time Delay": 0,
      "Big Image Key": "logo",
      "Big Image Hover Text": "MasterTech - Техно-магическая РПГ сборка с квестами и изменёнными крафтами.",
      "Small Image Key": "logo1",
      "Small Image Hover Text": "Создатели Сборки: \n LGame Studio"
    },
    "disconnectedFromMultiplayerServer": {
      "Activation Event": "DISCONNECTED_FROM_MULTIPLAYER_SERVER",
      "Game State": "Смотрит список серверов",
      "Start Time Delay": 0,
      "Big Image Key": "logo",
      "Big Image Hover Text": "MasterTech - Техно-магическая РПГ сборка с квестами и изменёнными крафтами.",
      "Small Image Key": "logo1",
      "Small Image Hover Text": "Создатели Сборки: \n LGame Studio"
    }
  },
  "Advanced Config": {
    "Treat First Post-Load Screen As Main-Menu": true,
    "Update Interval Millis": 2000
  }
}