[
    {
        "mode": "REMOVE",
        "result": "draconicevolution:crafting_injector,1,1",
        "catalyst": "draconicevolution:crafting_injector"
    },
    {
        "mode": "ADD",
        "result": "draconicevolution:crafting_injector,1,1",
        "catalyst": "draconicevolution:crafting_injector",
        "energy": 400000,
        "tier": 0,
        "ingredients": [
		"draconicevolution:draconium_block",
		"draconicevolution:wyvern_core",
		"essentialcraft:genitem,1,55",
		"extraplanets:mercury,1,7",
		"twilightforest:fiery_ingot",
		"techreborn:plates, 1,38",
		"mekanism:basicblock,1,2"
        ]
    },
    {
        "mode": "REMOVE",
        "result": "draconicevolution:awakened_core",
        "catalyst": "minecraft:nether_star"
    },
    {
        "mode": "ADD",
        "result": "draconicevolution:awakened_core",
        "catalyst": "extendedcrafting:material,1,40",
        "energy": 800000,
        "tier": 1,
        "ingredients": [
        "draconicevolution:wyvern_core",
        "moreplates:awakened_draconium_gear",
        "draconicevolution:wyvern_core",
        "moreplates:awakened_draconium_gear",
        "taiga:dyonite_ingot",
        "moreplates:awakened_draconium_gear",
        "draconicevolution:wyvern_core",
        "moreplates:awakened_draconium_gear",
        "draconicevolution:wyvern_core"
        ]
    }, 
    {
        "mode": "REMOVE",
        "result": "draconicevolution:draconic_block",
        "catalyst": "draconicevolution:draconium_block"
    },
    {
        "mode": "ADD",
        "result": "draconicevolution:draconic_block",
        "catalyst": "draconicevolution:draconium_block,1,1",
        "energy": 1600000,
        "tier": 1,
        "ingredients": [
        "extendedcrafting:storage,1,2",
        "moreplates:terrasteel_gear",
        "taiga:nihilite_ingot",
        "taiga:adamant_ingot",
        "totemic:buffalo_items",
        "draconicevolution:wyvern_core",
        "draconicevolution:dragon_heart"
        ]
    }, 
    {
        "mode": "REMOVE",
        "result": "draconicevolution:crafting_injector,1,2",
        "catalyst": "draconicevolution:crafting_injector,1,1"
    },	
    {
        "mode": "ADD",
        "result": "draconicevolution:crafting_injector,1,2",
        "catalyst": "draconicevolution:crafting_injector,1,1",
        "energy": 800000,
        "tier": 1,
        "ingredients": [
        "draconicevolution:draconic_block",
        "draconicevolution:awakened_core",
        "draconicevolution:draconic_energy_core",
        "essentialcraft:genitem,1,55"
        ]
    },
    {
        "mode": "ADD",
        "result": "extendedcrafting:table_ultimate",
        "catalyst": "extendedcrafting:table_elite",
        "energy": 1000000,
        "tier": 1,
        "ingredients": [
        "draconicevolution:draconic_block",
        "essentialcraft:storage,1,4",
        "draconicevolution:draconic_block",
        "contenttweaker:ichoringot",
        "extendedcrafting:material,1,11",
        "extrabotany:material,1,3",
        "draconicevolution:draconic_block",
        "extendedcrafting:storage,1,2",
        "draconicevolution:draconic_block"
        ]
    },
    {
        "mode": "ADD",
        "result": "techreborn:part,4,39",
        "catalyst": "techreborn:part,4,17",
        "energy": 12000000,
        "tier": 1,
        "ingredients": [
        "aoa3:enchanted_gunpowder",
        "aoa3:warlock_gem",
        "extrabotany:material,1,7",
        "moreplanets:diona_item,1,1"
        ]
    },
    {
        "mode": "ADD",
        "result": "projecte:condenser_mk1",
        "catalyst": "projecte:alchemical_chest",
        "energy": 12000000,
        "tier": 2,
        "ingredients": [
        "draconicevolution:draconium_chest",
        "projecte:item.pe_fuel,1,2",
        "naturesaura:conversion_catalyst",
        "aoa3:cotton_candor_statue",
        "aoa3:runandor_tokens",
        "aoa3:magic_repair_dust"
        ]
    },
    {
        "mode": "ADD",
        "result": "contenttweaker:ultimatedraconiumblock",
        "catalyst": "draconicevolution:draconic_block",
        "energy": 100000000,
        "tier": 3,
        "ingredients": [
        "extendedcrafting:storage,1,4",
        "contenttweaker:MegaSoul",
        "extendedcrafting:storage,1,3",
        "contenttweaker:MegaHeart"
        ]
    },
    {
        "mode": "REMOVE",
        "result": "draconicevolution:draconic_helm",
        "catalyst": "draconicevolution:wyvern_helm"
    },
    {
        "mode": "REMOVE",
        "result": "draconicevolution:draconic_chest",
        "catalyst": "draconicevolution:wyvern_chest"
    },
    {
        "mode": "REMOVE",
        "result": "draconicevolution:draconic_boots",
        "catalyst": "draconicevolution:wyvern_boots"
    },
    {
        "mode": "REMOVE",
        "result": "draconicevolution:draconic_staff_of_power",
        "catalyst": "draconicevolution:draconic_pick"
    },
    {
        "mode": "REMOVE",
        "result": "draconicevolution:draconic_legs",
        "catalyst": "draconicevolution:wyvern_legs"
    }
]
]


